sls file,sls result,sls duration,cvc5 lia filename,cvc5 lia result,cvc5 lia duration,unfold5 file,unfold5 result,unfold5 duration,no_interp file,no_interp result,no_interp duration,sqlsolver filename,sqlsolver result,sqlsolver duration
bapa/arith/fol_0000001.smt2,sat,0.99435854,benchmarks/bapa/arith/cvc5_bapa/fol_0000001.smt2,sat,0.01324296,bapa/arith/fol_0000001.smt2,sat,1.114187479,bapa/arith/fol_0000001.smt2,sat,1.569897652,/home/mudathir/all/sls-reachability/benchmarks/bapa/arith/cvc5_bapa/fol_0000001.smt2,SAT,0.205
bapa/arith/fol_0000002.smt2,sat,0.760332108,benchmarks/bapa/arith/cvc5_bapa/fol_0000002.smt2,sat,0.013138533,bapa/arith/fol_0000002.smt2,sat,1.053234816,bapa/arith/fol_0000002.smt2,sat,1.403637171,/home/mudathir/all/sls-reachability/benchmarks/bapa/arith/cvc5_bapa/fol_0000002.smt2,SAT,0.017
bapa/arith/fol_0000003.smt2,sat,0.636496067,benchmarks/bapa/arith/cvc5_bapa/fol_0000003.smt2,sat,0.014017344,bapa/arith/fol_0000003.smt2,sat,0.521003485,bapa/arith/fol_0000003.smt2,sat,0.915978193,/home/mudathir/all/sls-reachability/benchmarks/bapa/arith/cvc5_bapa/fol_0000003.smt2,SAT,0.016
bapa/arith/fol_0000004.smt2,sat,0.803731203,benchmarks/bapa/arith/cvc5_bapa/fol_0000004.smt2,sat,0.063341618,bapa/arith/fol_0000004.smt2,sat,2.148228645,bapa/arith/fol_0000004.smt2,sat,1.305633068,/home/mudathir/all/sls-reachability/benchmarks/bapa/arith/cvc5_bapa/fol_0000004.smt2,SAT,0.014
bapa/arith/fol_0000005.smt2,sat,0.638030291,benchmarks/bapa/arith/cvc5_bapa/fol_0000005.smt2,sat,0.078626633,bapa/arith/fol_0000005.smt2,sat,2.628019094,bapa/arith/fol_0000005.smt2,sat,0.646991253,/home/mudathir/all/sls-reachability/benchmarks/bapa/arith/cvc5_bapa/fol_0000005.smt2,SAT,0.012
bapa/arith/fol_0000006.smt2,sat,0.568917036,benchmarks/bapa/arith/cvc5_bapa/fol_0000006.smt2,sat,0.066159964,bapa/arith/fol_0000006.smt2,sat,1.802774429,bapa/arith/fol_0000006.smt2,sat,0.938007355,/home/mudathir/all/sls-reachability/benchmarks/bapa/arith/cvc5_bapa/fol_0000006.smt2,SAT,0.013
bapa/arith/fol_0000007.smt2,sat,0.795034885,benchmarks/bapa/arith/cvc5_bapa/fol_0000007.smt2,sat,0.059335947,bapa/arith/fol_0000007.smt2,sat,2.631053686,bapa/arith/fol_0000007.smt2,sat,4.617897272,/home/mudathir/all/sls-reachability/benchmarks/bapa/arith/cvc5_bapa/fol_0000007.smt2,SAT,0.28
bapa/arith/fol_0000008.smt2,sat,0.631266594,benchmarks/bapa/arith/cvc5_bapa/fol_0000008.smt2,sat,0.062076092,bapa/arith/fol_0000008.smt2,sat,1.902957678,bapa/arith/fol_0000008.smt2,sat,0.905380964,/home/mudathir/all/sls-reachability/benchmarks/bapa/arith/cvc5_bapa/fol_0000008.smt2,SAT,0.014
bapa/arith/fol_0000009.smt2,sat,0.792790413,benchmarks/bapa/arith/cvc5_bapa/fol_0000009.smt2,sat,0.059259892,bapa/arith/fol_0000009.smt2,sat,1.56184864,bapa/arith/fol_0000009.smt2,sat,1.768723965,/home/mudathir/all/sls-reachability/benchmarks/bapa/arith/cvc5_bapa/fol_0000009.smt2,SAT,0.23
bapa/arith/fol_0000010.smt2,sat,0.648747683,benchmarks/bapa/arith/cvc5_bapa/fol_0000010.smt2,sat,0.057984352,bapa/arith/fol_0000010.smt2,sat,1.503739834,bapa/arith/fol_0000010.smt2,sat,0.719000101,/home/mudathir/all/sls-reachability/benchmarks/bapa/arith/cvc5_bapa/fol_0000010.smt2,SAT,0.204
bapa/arith/fol_0000011.smt2,sat,0.656205416,benchmarks/bapa/arith/cvc5_bapa/fol_0000011.smt2,sat,0.058189392,bapa/arith/fol_0000011.smt2,sat,5.325503588,bapa/arith/fol_0000011.smt2,sat,1.029289246,/home/mudathir/all/sls-reachability/benchmarks/bapa/arith/cvc5_bapa/fol_0000011.smt2,SAT,0.211
bapa/arith/fol_0000012.smt2,sat,0.67011261,benchmarks/bapa/arith/cvc5_bapa/fol_0000012.smt2,sat,0.058893681,bapa/arith/fol_0000012.smt2,sat,2.212055445,bapa/arith/fol_0000012.smt2,sat,1.027926445,/home/mudathir/all/sls-reachability/benchmarks/bapa/arith/cvc5_bapa/fol_0000012.smt2,SAT,0.192
bapa/arith/fol_0000013.smt2,sat,0.619555712,benchmarks/bapa/arith/cvc5_bapa/fol_0000013.smt2,sat,0.058380127,bapa/arith/fol_0000013.smt2,sat,0.534509659,bapa/arith/fol_0000013.smt2,sat,1.655676842,/home/mudathir/all/sls-reachability/benchmarks/bapa/arith/cvc5_bapa/fol_0000013.smt2,SAT,0.011
bapa/arith/fol_0000014.smt2,sat,0.167417288,benchmarks/bapa/arith/cvc5_bapa/fol_0000014.smt2,sat,0.058025837,bapa/arith/fol_0000014.smt2,sat,0.745807886,bapa/arith/fol_0000014.smt2,sat,0.738780022,/home/mudathir/all/sls-reachability/benchmarks/bapa/arith/cvc5_bapa/fol_0000014.smt2,SAT,0.01
bapa/arith/fol_0000015.smt2,sat,1.016529083,benchmarks/bapa/arith/cvc5_bapa/fol_0000015.smt2,sat,0.058545113,bapa/arith/fol_0000015.smt2,sat,0.496816397,bapa/arith/fol_0000015.smt2,sat,1.163205624,/home/mudathir/all/sls-reachability/benchmarks/bapa/arith/cvc5_bapa/fol_0000015.smt2,SAT,0.011
bapa/arith/fol_0000016.smt2,sat,0.844966173,benchmarks/bapa/arith/cvc5_bapa/fol_0000016.smt2,sat,0.057845831,bapa/arith/fol_0000016.smt2,sat,2.321787357,bapa/arith/fol_0000016.smt2,sat,1.378592014,/home/mudathir/all/sls-reachability/benchmarks/bapa/arith/cvc5_bapa/fol_0000016.smt2,SAT,0.012
bapa/arith/fol_0000017.smt2,sat,0.530393362,benchmarks/bapa/arith/cvc5_bapa/fol_0000017.smt2,sat,0.059258223,bapa/arith/fol_0000017.smt2,sat,1.158494473,bapa/arith/fol_0000017.smt2,sat,0.925659418,/home/mudathir/all/sls-reachability/benchmarks/bapa/arith/cvc5_bapa/fol_0000017.smt2,SAT,0.012
bapa/arith/fol_0000018.smt2,sat,0.930496216,benchmarks/bapa/arith/cvc5_bapa/fol_0000018.smt2,sat,0.060906649,bapa/arith/fol_0000018.smt2,sat,1.926259995,bapa/arith/fol_0000018.smt2,sat,1.048197508,/home/mudathir/all/sls-reachability/benchmarks/bapa/arith/cvc5_bapa/fol_0000018.smt2,SAT,0.014
bapa/arith/fol_0000019.smt2,sat,0.747364044,benchmarks/bapa/arith/cvc5_bapa/fol_0000019.smt2,sat,0.067611217,bapa/arith/fol_0000019.smt2,sat,1.988793612,bapa/arith/fol_0000019.smt2,sat,1.211726904,/home/mudathir/all/sls-reachability/benchmarks/bapa/arith/cvc5_bapa/fol_0000019.smt2,SAT,0.215
bapa/arith/fol_0000020.smt2,sat,0.171578884,benchmarks/bapa/arith/cvc5_bapa/fol_0000020.smt2,sat,0.071949005,bapa/arith/fol_0000020.smt2,sat,2.451138258,bapa/arith/fol_0000020.smt2,sat,0.89906764,/home/mudathir/all/sls-reachability/benchmarks/bapa/arith/cvc5_bapa/fol_0000020.smt2,SAT,0.202
bapa/arith/fol_0000021.smt2,unsat,0.160965919,benchmarks/bapa/arith/cvc5_bapa/fol_0000021.smt2,unsat,0.013502121,bapa/arith/fol_0000021.smt2,unsat,0.483279705,bapa/arith/fol_0000021.smt2,unsat,2.150214434,/home/mudathir/all/sls-reachability/benchmarks/bapa/arith/cvc5_bapa/fol_0000021.smt2,UNSAT,0.023
bapa/arith/fol_0000022.smt2,sat,0.409411669,benchmarks/bapa/arith/cvc5_bapa/fol_0000022.smt2,sat,0.065932512,bapa/arith/fol_0000022.smt2,sat,1.158249378,bapa/arith/fol_0000022.smt2,sat,0.911004782,/home/mudathir/all/sls-reachability/benchmarks/bapa/arith/cvc5_bapa/fol_0000022.smt2,SAT,0.201
bapa/arith/fol_0000023.smt2,unsat,0.165205002,benchmarks/bapa/arith/cvc5_bapa/fol_0000023.smt2,unsat,0.010685682,bapa/arith/fol_0000023.smt2,unsat,0.437755346,bapa/arith/fol_0000023.smt2,unsat,3.642090082,/home/mudathir/all/sls-reachability/benchmarks/bapa/arith/cvc5_bapa/fol_0000023.smt2,UNSAT,0.024
bapa/arith/fol_0000024.smt2,sat,0.654598236,benchmarks/bapa/arith/cvc5_bapa/fol_0000024.smt2,sat,0.065405846,bapa/arith/fol_0000024.smt2,sat,2.073539257,bapa/arith/fol_0000024.smt2,sat,1.256242037,/home/mudathir/all/sls-reachability/benchmarks/bapa/arith/cvc5_bapa/fol_0000024.smt2,SAT,0.199
bapa/arith/fol_0000025.smt2,sat,0.16242075,benchmarks/bapa/arith/cvc5_bapa/fol_0000025.smt2,sat,0.011881113,bapa/arith/fol_0000025.smt2,sat,0.543759108,bapa/arith/fol_0000025.smt2,sat,1.025669098,/home/mudathir/all/sls-reachability/benchmarks/bapa/arith/cvc5_bapa/fol_0000025.smt2,SAT,0.015
bapa/arith/fol_0000026.smt2,sat,0.379806042,benchmarks/bapa/arith/cvc5_bapa/fol_0000026.smt2,sat,0.013247728,bapa/arith/fol_0000026.smt2,sat,7.607965231,bapa/arith/fol_0000026.smt2,sat,0.823856354,/home/mudathir/all/sls-reachability/benchmarks/bapa/arith/cvc5_bapa/fol_0000026.smt2,SAT,0.011
bapa/arith/fol_0000027.smt2,sat,0.16337657,benchmarks/bapa/arith/cvc5_bapa/fol_0000027.smt2,sat,0.014131546,bapa/arith/fol_0000027.smt2,sat,1.86153698,bapa/arith/fol_0000027.smt2,sat,0.985136509,/home/mudathir/all/sls-reachability/benchmarks/bapa/arith/cvc5_bapa/fol_0000027.smt2,SAT,0.011
bapa/arith/fol_0000028.smt2,unsat,0.471552372,benchmarks/bapa/arith/cvc5_bapa/fol_0000028.smt2,unsat,0.119706631,bapa/arith/fol_0000028.smt2,unsat,0.644880533,bapa/arith/fol_0000028.smt2,unsat,9.710878134,/home/mudathir/all/sls-reachability/benchmarks/bapa/arith/cvc5_bapa/fol_0000028.smt2,UNSAT,0.229
bapa/arith/fol_0000029.smt2,sat,0.535340786,benchmarks/bapa/arith/cvc5_bapa/fol_0000029.smt2,sat,0.117452145,bapa/arith/fol_0000029.smt2,sat,3.997245789,bapa/arith/fol_0000029.smt2,sat,0.802067995,/home/mudathir/all/sls-reachability/benchmarks/bapa/arith/cvc5_bapa/fol_0000029.smt2,SAT,0.226
bapa/arith/fol_0000030.smt2,unsat,0.166278362,benchmarks/bapa/arith/cvc5_bapa/fol_0000030.smt2,unsat,0.009671688,bapa/arith/fol_0000030.smt2,unsat,0.452058077,bapa/arith/fol_0000030.smt2,unsat,3.96361208,/home/mudathir/all/sls-reachability/benchmarks/bapa/arith/cvc5_bapa/fol_0000030.smt2,UNSAT,0.019
bapa/arith/fol_0000031.smt2,sat,0.625506639,benchmarks/bapa/arith/cvc5_bapa/fol_0000031.smt2,sat,0.061882734,bapa/arith/fol_0000031.smt2,sat,0.507046938,bapa/arith/fol_0000031.smt2,sat,0.725048065,/home/mudathir/all/sls-reachability/benchmarks/bapa/arith/cvc5_bapa/fol_0000031.smt2,SAT,0.01
bapa/arith/fol_0000032.smt2,unsat,0.160715103,benchmarks/bapa/arith/cvc5_bapa/fol_0000032.smt2,unsat,0.01043129,bapa/arith/fol_0000032.smt2,unsat,0.448845387,bapa/arith/fol_0000032.smt2,unsat,5.149460554,/home/mudathir/all/sls-reachability/benchmarks/bapa/arith/cvc5_bapa/fol_0000032.smt2,UNSAT,0.019
bapa/arith/fol_0000033.smt2,sat,0.686598301,benchmarks/bapa/arith/cvc5_bapa/fol_0000033.smt2,sat,0.060556412,bapa/arith/fol_0000033.smt2,sat,1.203732729,bapa/arith/fol_0000033.smt2,sat,0.640290499,/home/mudathir/all/sls-reachability/benchmarks/bapa/arith/cvc5_bapa/fol_0000033.smt2,SAT,0.011
bapa/arith/fol_0000034.smt2,unsat,0.156803846,benchmarks/bapa/arith/cvc5_bapa/fol_0000034.smt2,unsat,0.01039052,bapa/arith/fol_0000034.smt2,unsat,0.441470385,bapa/arith/fol_0000034.smt2,unsat,3.279684305,/home/mudathir/all/sls-reachability/benchmarks/bapa/arith/cvc5_bapa/fol_0000034.smt2,UNSAT,0.019
bapa/arith/fol_0000035.smt2,sat,0.719526291,benchmarks/bapa/arith/cvc5_bapa/fol_0000035.smt2,sat,0.063884258,bapa/arith/fol_0000035.smt2,sat,2.312204123,bapa/arith/fol_0000035.smt2,sat,1.406837702,/home/mudathir/all/sls-reachability/benchmarks/bapa/arith/cvc5_bapa/fol_0000035.smt2,SAT,0.011
bapa/arith/fol_0000036.smt2,sat,0.7607584,benchmarks/bapa/arith/cvc5_bapa/fol_0000036.smt2,sat,0.011557817,bapa/arith/fol_0000036.smt2,sat,2.432114363,bapa/arith/fol_0000036.smt2,sat,0.511463881,/home/mudathir/all/sls-reachability/benchmarks/bapa/arith/cvc5_bapa/fol_0000036.smt2,SAT,0.011
bapa/arith/fol_0000037.smt2,sat,0.614008904,benchmarks/bapa/arith/cvc5_bapa/fol_0000037.smt2,sat,0.062669039,bapa/arith/fol_0000037.smt2,sat,2.218508482,bapa/arith/fol_0000037.smt2,sat,0.615283728,/home/mudathir/all/sls-reachability/benchmarks/bapa/arith/cvc5_bapa/fol_0000037.smt2,SAT,0.189
bapa/arith/fol_0000038.smt2,unsat,0.158819914,benchmarks/bapa/arith/cvc5_bapa/fol_0000038.smt2,unsat,0.010479689,bapa/arith/fol_0000038.smt2,unsat,0.460402012,bapa/arith/fol_0000038.smt2,unsat,4.604642153,/home/mudathir/all/sls-reachability/benchmarks/bapa/arith/cvc5_bapa/fol_0000038.smt2,UNSAT,0.018
bapa/arith/fol_0000039.smt2,sat,0.551420212,benchmarks/bapa/arith/cvc5_bapa/fol_0000039.smt2,sat,0.062346697,bapa/arith/fol_0000039.smt2,sat,2.29809165,bapa/arith/fol_0000039.smt2,sat,0.915513277,/home/mudathir/all/sls-reachability/benchmarks/bapa/arith/cvc5_bapa/fol_0000039.smt2,SAT,0.193
bapa/arith/fol_0000040.smt2,unsat,0.159366369,benchmarks/bapa/arith/cvc5_bapa/fol_0000040.smt2,unsat,0.010697842,bapa/arith/fol_0000040.smt2,unsat,0.489365816,bapa/arith/fol_0000040.smt2,unsat,3.309030771,/home/mudathir/all/sls-reachability/benchmarks/bapa/arith/cvc5_bapa/fol_0000040.smt2,UNSAT,0.019
bapa/arith/fol_0000041.smt2,sat,0.792238474,benchmarks/bapa/arith/cvc5_bapa/fol_0000041.smt2,sat,0.062450409,bapa/arith/fol_0000041.smt2,sat,1.173914671,bapa/arith/fol_0000041.smt2,sat,1.032381773,/home/mudathir/all/sls-reachability/benchmarks/bapa/arith/cvc5_bapa/fol_0000041.smt2,SAT,0.191
bapa/arith/fol_0000042.smt2,sat,0.211480618,benchmarks/bapa/arith/cvc5_bapa/fol_0000042.smt2,sat,0.011827946,bapa/arith/fol_0000042.smt2,sat,2.596962929,bapa/arith/fol_0000042.smt2,sat,1.207663298,/home/mudathir/all/sls-reachability/benchmarks/bapa/arith/cvc5_bapa/fol_0000042.smt2,SAT,0.011
bapa/arith/fol_0000043.smt2,sat,0.166984081,benchmarks/bapa/arith/cvc5_bapa/fol_0000043.smt2,sat,0.119373083,bapa/arith/fol_0000043.smt2,sat,1.716995239,bapa/arith/fol_0000043.smt2,sat,0.674310684,/home/mudathir/all/sls-reachability/benchmarks/bapa/arith/cvc5_bapa/fol_0000043.smt2,SAT,0.223
bapa/arith/fol_0000044.smt2,sat,0.618000269,benchmarks/bapa/arith/cvc5_bapa/fol_0000044.smt2,sat,0.058284521,bapa/arith/fol_0000044.smt2,sat,0.520267963,bapa/arith/fol_0000044.smt2,sat,1.295397997,/home/mudathir/all/sls-reachability/benchmarks/bapa/arith/cvc5_bapa/fol_0000044.smt2,SAT,0.011
bapa/arith/fol_0000045.smt2,unsat,0.224748373,benchmarks/bapa/arith/cvc5_bapa/fol_0000045.smt2,unsat,0.113115072,bapa/arith/fol_0000045.smt2,unsat,0.677151918,bapa/arith/fol_0000045.smt2,unsat,8.442877531,/home/mudathir/all/sls-reachability/benchmarks/bapa/arith/cvc5_bapa/fol_0000045.smt2,UNSAT,0.229
bapa/arith/fol_0000046.smt2,sat,0.178483963,benchmarks/bapa/arith/cvc5_bapa/fol_0000046.smt2,sat,0.121005297,bapa/arith/fol_0000046.smt2,sat,0.596466541,bapa/arith/fol_0000046.smt2,sat,0.785567045,/home/mudathir/all/sls-reachability/benchmarks/bapa/arith/cvc5_bapa/fol_0000046.smt2,SAT,0.241
bapa/arith/fol_0000047.smt2,unsat,0.219141245,benchmarks/bapa/arith/cvc5_bapa/fol_0000047.smt2,unsat,0.115952969,bapa/arith/fol_0000047.smt2,unsat,0.680435419,bapa/arith/fol_0000047.smt2,unsat,4.848827362,/home/mudathir/all/sls-reachability/benchmarks/bapa/arith/cvc5_bapa/fol_0000047.smt2,UNSAT,0.222
bapa/arith/fol_0000048.smt2,sat,0.428462505,benchmarks/bapa/arith/cvc5_bapa/fol_0000048.smt2,sat,0.133455038,bapa/arith/fol_0000048.smt2,sat,0.610228062,bapa/arith/fol_0000048.smt2,sat,0.849323988,/home/mudathir/all/sls-reachability/benchmarks/bapa/arith/cvc5_bapa/fol_0000048.smt2,SAT,0.215
bapa/arith/fol_0000049.smt2,sat,0.524586439,benchmarks/bapa/arith/cvc5_bapa/fol_0000049.smt2,sat,0.156799316,bapa/arith/fol_0000049.smt2,sat,1.82618618,bapa/arith/fol_0000049.smt2,sat,0.774847507,/home/mudathir/all/sls-reachability/benchmarks/bapa/arith/cvc5_bapa/fol_0000049.smt2,SAT,0.226
bapa/arith/fol_0000050.smt2,sat,1.599474192,benchmarks/bapa/arith/cvc5_bapa/fol_0000050.smt2,sat,0.018458128,bapa/arith/fol_0000050.smt2,sat,1.649183273,bapa/arith/fol_0000050.smt2,sat,0.709099531,/home/mudathir/all/sls-reachability/benchmarks/bapa/arith/cvc5_bapa/fol_0000050.smt2,SAT,0.012
bapa/arith/fol_0000051.smt2,sat,0.579387665,benchmarks/bapa/arith/cvc5_bapa/fol_0000051.smt2,sat,0.119428158,bapa/arith/fol_0000051.smt2,sat,1.447114706,bapa/arith/fol_0000051.smt2,sat,0.770496845,/home/mudathir/all/sls-reachability/benchmarks/bapa/arith/cvc5_bapa/fol_0000051.smt2,SAT,0.23
bapa/arith/fol_0000052.smt2,sat,0.54706502,benchmarks/bapa/arith/cvc5_bapa/fol_0000052.smt2,sat,0.132264376,bapa/arith/fol_0000052.smt2,sat,1.811445236,bapa/arith/fol_0000052.smt2,sat,0.754648447,/home/mudathir/all/sls-reachability/benchmarks/bapa/arith/cvc5_bapa/fol_0000052.smt2,SAT,0.235
bapa/arith/fol_0000053.smt2,sat,0.439743519,benchmarks/bapa/arith/cvc5_bapa/fol_0000053.smt2,sat,0.127032518,bapa/arith/fol_0000053.smt2,sat,1.826951027,bapa/arith/fol_0000053.smt2,sat,0.81757021,/home/mudathir/all/sls-reachability/benchmarks/bapa/arith/cvc5_bapa/fol_0000053.smt2,SAT,0.226
bapa/arith/fol_0000054.smt2,sat,0.188495159,benchmarks/bapa/arith/cvc5_bapa/fol_0000054.smt2,sat,0.135186434,bapa/arith/fol_0000054.smt2,sat,4.440725088,bapa/arith/fol_0000054.smt2,sat,0.736420631,/home/mudathir/all/sls-reachability/benchmarks/bapa/arith/cvc5_bapa/fol_0000054.smt2,SAT,0.225
bapa/arith/fol_0000055.smt2,unsat,0.172174454,benchmarks/bapa/arith/cvc5_bapa/fol_0000055.smt2,unsat,0.010797977,bapa/arith/fol_0000055.smt2,unsat,0.470944405,bapa/arith/fol_0000055.smt2,unsat,3.572170973,/home/mudathir/all/sls-reachability/benchmarks/bapa/arith/cvc5_bapa/fol_0000055.smt2,UNSAT,0.034
bapa/arith/fol_0000056.smt2,sat,0.724846125,benchmarks/bapa/arith/cvc5_bapa/fol_0000056.smt2,sat,0.063684225,bapa/arith/fol_0000056.smt2,sat,2.321139336,bapa/arith/fol_0000056.smt2,sat,0.950084448,/home/mudathir/all/sls-reachability/benchmarks/bapa/arith/cvc5_bapa/fol_0000056.smt2,SAT,0.501
bapa/arith/fol_0000057.smt2,sat,0.396501303,benchmarks/bapa/arith/cvc5_bapa/fol_0000057.smt2,sat,0.116705894,bapa/arith/fol_0000057.smt2,sat,1.431070089,bapa/arith/fol_0000057.smt2,sat,0.41176033,/home/mudathir/all/sls-reachability/benchmarks/bapa/arith/cvc5_bapa/fol_0000057.smt2,SAT,0.281
bapa/arith/fol_0000058.smt2,unsat,0.47390008,benchmarks/bapa/arith/cvc5_bapa/fol_0000058.smt2,unsat,0.114969492,bapa/arith/fol_0000058.smt2,unsat,0.64368391,bapa/arith/fol_0000058.smt2,unsat,6.702996016,/home/mudathir/all/sls-reachability/benchmarks/bapa/arith/cvc5_bapa/fol_0000058.smt2,UNSAT,0.233
bapa/arith/fol_0000059.smt2,unsat,0.15601182,benchmarks/bapa/arith/cvc5_bapa/fol_0000059.smt2,unsat,0.010456562,bapa/arith/fol_0000059.smt2,unsat,0.456310511,bapa/arith/fol_0000059.smt2,unsat,2.893010139,/home/mudathir/all/sls-reachability/benchmarks/bapa/arith/cvc5_bapa/fol_0000059.smt2,UNSAT,0.017
bapa/arith/fol_0000060.smt2,unsat,0.234406948,benchmarks/bapa/arith/cvc5_bapa/fol_0000060.smt2,unsat,0.116568327,bapa/arith/fol_0000060.smt2,unsat,0.738254547,bapa/arith/fol_0000060.smt2,unsat,8.575337172,/home/mudathir/all/sls-reachability/benchmarks/bapa/arith/cvc5_bapa/fol_0000060.smt2,UNSAT,0.223
bapa/arith/fol_0000061.smt2,unsat,0.470827341,benchmarks/bapa/arith/cvc5_bapa/fol_0000061.smt2,unsat,0.114852428,bapa/arith/fol_0000061.smt2,unsat,1.67762351,bapa/arith/fol_0000061.smt2,unsat,4.482406616,/home/mudathir/all/sls-reachability/benchmarks/bapa/arith/cvc5_bapa/fol_0000061.smt2,UNSAT,0.227
bapa/arith/fol_0000062.smt2,sat,0.422251701,benchmarks/bapa/arith/cvc5_bapa/fol_0000062.smt2,sat,0.127403975,bapa/arith/fol_0000062.smt2,sat,1.541491985,bapa/arith/fol_0000062.smt2,sat,0.776386023,/home/mudathir/all/sls-reachability/benchmarks/bapa/arith/cvc5_bapa/fol_0000062.smt2,SAT,0.234
bapa/arith/fol_0000063.smt2,unsat,0.233814478,benchmarks/bapa/arith/cvc5_bapa/fol_0000063.smt2,unsat,0.11311698,bapa/arith/fol_0000063.smt2,unsat,0.698106289,bapa/arith/fol_0000063.smt2,unsat,4.237812042,/home/mudathir/all/sls-reachability/benchmarks/bapa/arith/cvc5_bapa/fol_0000063.smt2,UNSAT,0.224
bapa/arith/fol_0000064.smt2,unsat,0.152176619,benchmarks/bapa/arith/cvc5_bapa/fol_0000064.smt2,unsat,0.012086153,bapa/arith/fol_0000064.smt2,unsat,0.511196136,bapa/arith/fol_0000064.smt2,unsat,2.782894135,/home/mudathir/all/sls-reachability/benchmarks/bapa/arith/cvc5_bapa/fol_0000064.smt2,UNSAT,0.018
bapa/arith/fol_0000065.smt2,unsat,0.483546734,benchmarks/bapa/arith/cvc5_bapa/fol_0000065.smt2,unsat,0.115830898,bapa/arith/fol_0000065.smt2,unsat,0.614294052,bapa/arith/fol_0000065.smt2,unsat,5.550576448,/home/mudathir/all/sls-reachability/benchmarks/bapa/arith/cvc5_bapa/fol_0000065.smt2,UNSAT,0.224
bapa/arith/fol_0000066.smt2,unsat,0.596949339,benchmarks/bapa/arith/cvc5_bapa/fol_0000066.smt2,unsat,0.116195917,bapa/arith/fol_0000066.smt2,unsat,0.75323987,bapa/arith/fol_0000066.smt2,unsat,4.308270693,/home/mudathir/all/sls-reachability/benchmarks/bapa/arith/cvc5_bapa/fol_0000066.smt2,UNSAT,0.238
bapa/arith/fol_0000067.smt2,unsat,0.608504295,benchmarks/bapa/arith/cvc5_bapa/fol_0000067.smt2,unsat,0.114636183,bapa/arith/fol_0000067.smt2,unsat,0.675191879,bapa/arith/fol_0000067.smt2,unsat,4.010881424,/home/mudathir/all/sls-reachability/benchmarks/bapa/arith/cvc5_bapa/fol_0000067.smt2,UNSAT,0.237
bapa/arith/fol_0000068.smt2,unsat,0.223846197,benchmarks/bapa/arith/cvc5_bapa/fol_0000068.smt2,unsat,0.114525318,bapa/arith/fol_0000068.smt2,unsat,0.637401819,bapa/arith/fol_0000068.smt2,unsat,8.526550055,/home/mudathir/all/sls-reachability/benchmarks/bapa/arith/cvc5_bapa/fol_0000068.smt2,UNSAT,0.225
bapa/arith/fol_0000069.smt2,sat,0.552662611,benchmarks/bapa/arith/cvc5_bapa/fol_0000069.smt2,sat,0.119013548,bapa/arith/fol_0000069.smt2,sat,1.51591444,bapa/arith/fol_0000069.smt2,sat,0.825907946,/home/mudathir/all/sls-reachability/benchmarks/bapa/arith/cvc5_bapa/fol_0000069.smt2,SAT,0.23
bapa/arith/fol_0000070.smt2,unsat,0.223888397,benchmarks/bapa/arith/cvc5_bapa/fol_0000070.smt2,unsat,0.115196943,bapa/arith/fol_0000070.smt2,unsat,0.692122698,bapa/arith/fol_0000070.smt2,unsat,10.67152238,/home/mudathir/all/sls-reachability/benchmarks/bapa/arith/cvc5_bapa/fol_0000070.smt2,UNSAT,0.243
bapa/arith/fol_0000071.smt2,sat,0.51312685,benchmarks/bapa/arith/cvc5_bapa/fol_0000071.smt2,sat,0.120176554,bapa/arith/fol_0000071.smt2,sat,0.56930089,bapa/arith/fol_0000071.smt2,sat,0.75714612,/home/mudathir/all/sls-reachability/benchmarks/bapa/arith/cvc5_bapa/fol_0000071.smt2,SAT,0.224
bapa/arith/fol_0000072.smt2,sat,0.191460133,benchmarks/bapa/arith/cvc5_bapa/fol_0000072.smt2,sat,0.11971426,bapa/arith/fol_0000072.smt2,sat,1.556163788,bapa/arith/fol_0000072.smt2,sat,0.778676033,/home/mudathir/all/sls-reachability/benchmarks/bapa/arith/cvc5_bapa/fol_0000072.smt2,SAT,0.239
bapa/arith/fol_0000073.smt2,sat,0.589628935,benchmarks/bapa/arith/cvc5_bapa/fol_0000073.smt2,sat,0.017429113,bapa/arith/fol_0000073.smt2,sat,0.595197201,bapa/arith/fol_0000073.smt2,sat,1.912238359,/home/mudathir/all/sls-reachability/benchmarks/bapa/arith/cvc5_bapa/fol_0000073.smt2,SAT,0.011
bapa/arith/fol_0000074.smt2,sat,0.424207211,benchmarks/bapa/arith/cvc5_bapa/fol_0000074.smt2,sat,0.125005245,bapa/arith/fol_0000074.smt2,sat,1.49840045,bapa/arith/fol_0000074.smt2,sat,0.769176722,/home/mudathir/all/sls-reachability/benchmarks/bapa/arith/cvc5_bapa/fol_0000074.smt2,SAT,0.394
bapa/arith/fol_0000075.smt2,sat,0.560927629,benchmarks/bapa/arith/cvc5_bapa/fol_0000075.smt2,sat,0.122902155,bapa/arith/fol_0000075.smt2,sat,1.916127205,bapa/arith/fol_0000075.smt2,sat,0.74249959,/home/mudathir/all/sls-reachability/benchmarks/bapa/arith/cvc5_bapa/fol_0000075.smt2,SAT,0.551
bapa/arith/fol_0000076.smt2,sat,0.188923597,benchmarks/bapa/arith/cvc5_bapa/fol_0000076.smt2,sat,0.123332739,bapa/arith/fol_0000076.smt2,sat,0.601834536,bapa/arith/fol_0000076.smt2,sat,0.700893879,/home/mudathir/all/sls-reachability/benchmarks/bapa/arith/cvc5_bapa/fol_0000076.smt2,SAT,0.232
bapa/arith/fol_0000077.smt2,sat,0.522620916,benchmarks/bapa/arith/cvc5_bapa/fol_0000077.smt2,sat,0.135823488,bapa/arith/fol_0000077.smt2,sat,0.596511126,bapa/arith/fol_0000077.smt2,sat,0.825562,/home/mudathir/all/sls-reachability/benchmarks/bapa/arith/cvc5_bapa/fol_0000077.smt2,SAT,0.223
bapa/arith/fol_0000078.smt2,unsat,0.17058754,benchmarks/bapa/arith/cvc5_bapa/fol_0000078.smt2,unsat,0.014173269,bapa/arith/fol_0000078.smt2,unsat,0.442375898,bapa/arith/fol_0000078.smt2,unsat,5.229626179,/home/mudathir/all/sls-reachability/benchmarks/bapa/arith/cvc5_bapa/fol_0000078.smt2,UNSAT,0.02
bapa/arith/fol_0000079.smt2,sat,0.89729023,benchmarks/bapa/arith/cvc5_bapa/fol_0000079.smt2,sat,0.07137394,bapa/arith/fol_0000079.smt2,sat,2.647873402,bapa/arith/fol_0000079.smt2,sat,0.89010787,/home/mudathir/all/sls-reachability/benchmarks/bapa/arith/cvc5_bapa/fol_0000079.smt2,SAT,0.206
bapa/arith/fol_0000080.smt2,sat,0.176881552,benchmarks/bapa/arith/cvc5_bapa/fol_0000080.smt2,sat,0.061158657,bapa/arith/fol_0000080.smt2,sat,2.949439287,bapa/arith/fol_0000080.smt2,sat,1.17219615,/home/mudathir/all/sls-reachability/benchmarks/bapa/arith/cvc5_bapa/fol_0000080.smt2,SAT,0.186
bapa/arith/fol_0000081.smt2,unsat,0.154901981,benchmarks/bapa/arith/cvc5_bapa/fol_0000081.smt2,unsat,0.010339499,bapa/arith/fol_0000081.smt2,unsat,0.543298721,bapa/arith/fol_0000081.smt2,unsat,2.836444616,/home/mudathir/all/sls-reachability/benchmarks/bapa/arith/cvc5_bapa/fol_0000081.smt2,UNSAT,0.016
bapa/arith/fol_0000082.smt2,sat,0.664121151,benchmarks/bapa/arith/cvc5_bapa/fol_0000082.smt2,sat,0.061781645,bapa/arith/fol_0000082.smt2,sat,0.903254986,bapa/arith/fol_0000082.smt2,sat,4.182101488,/home/mudathir/all/sls-reachability/benchmarks/bapa/arith/cvc5_bapa/fol_0000082.smt2,SAT,0.206
bapa/arith/fol_0000083.smt2,unsat,0.164179564,benchmarks/bapa/arith/cvc5_bapa/fol_0000083.smt2,unsat,0.010540485,bapa/arith/fol_0000083.smt2,unsat,0.430110455,bapa/arith/fol_0000083.smt2,unsat,2.742493153,/home/mudathir/all/sls-reachability/benchmarks/bapa/arith/cvc5_bapa/fol_0000083.smt2,UNSAT,0.027
bapa/arith/fol_0000084.smt2,sat,0.178159952,benchmarks/bapa/arith/cvc5_bapa/fol_0000084.smt2,sat,0.118254185,bapa/arith/fol_0000084.smt2,sat,0.545166731,bapa/arith/fol_0000084.smt2,sat,0.861112356,/home/mudathir/all/sls-reachability/benchmarks/bapa/arith/cvc5_bapa/fol_0000084.smt2,SAT,0.547
bapa/arith/fol_0000085.smt2,unsat,0.473218441,benchmarks/bapa/arith/cvc5_bapa/fol_0000085.smt2,unsat,0.117470741,bapa/arith/fol_0000085.smt2,unsat,3.277508497,bapa/arith/fol_0000085.smt2,unsat,6.670855761,/home/mudathir/all/sls-reachability/benchmarks/bapa/arith/cvc5_bapa/fol_0000085.smt2,UNSAT,0.24
bapa/arith/fol_0000086.smt2,unsat,0.204432011,benchmarks/bapa/arith/cvc5_bapa/fol_0000086.smt2,unsat,0.112854481,bapa/arith/fol_0000086.smt2,unsat,1.436189175,bapa/arith/fol_0000086.smt2,unsat,4.59654665,/home/mudathir/all/sls-reachability/benchmarks/bapa/arith/cvc5_bapa/fol_0000086.smt2,UNSAT,0.224
bapa/arith/fol_0000087.smt2,unsat,0.166501284,benchmarks/bapa/arith/cvc5_bapa/fol_0000087.smt2,unsat,0.010360479,bapa/arith/fol_0000087.smt2,unsat,0.472357273,bapa/arith/fol_0000087.smt2,unsat,2.59991622,/home/mudathir/all/sls-reachability/benchmarks/bapa/arith/cvc5_bapa/fol_0000087.smt2,UNSAT,0.019
bapa/arith/fol_0000088.smt2,unsat,0.469694376,benchmarks/bapa/arith/cvc5_bapa/fol_0000088.smt2,unsat,0.118020535,bapa/arith/fol_0000088.smt2,unsat,0.688197136,bapa/arith/fol_0000088.smt2,unsat,4.066264153,/home/mudathir/all/sls-reachability/benchmarks/bapa/arith/cvc5_bapa/fol_0000088.smt2,UNSAT,0.223
bapa/arith/fol_0000089.smt2,unsat,0.608501673,benchmarks/bapa/arith/cvc5_bapa/fol_0000089.smt2,unsat,0.115944624,bapa/arith/fol_0000089.smt2,unsat,0.715634823,bapa/arith/fol_0000089.smt2,unsat,3.446434259,/home/mudathir/all/sls-reachability/benchmarks/bapa/arith/cvc5_bapa/fol_0000089.smt2,UNSAT,0.223
bapa/arith/fol_0000090.smt2,sat,0.690729618,benchmarks/bapa/arith/cvc5_bapa/fol_0000090.smt2,sat,0.05977726,bapa/arith/fol_0000090.smt2,sat,0.588993788,bapa/arith/fol_0000090.smt2,sat,0.887457371,/home/mudathir/all/sls-reachability/benchmarks/bapa/arith/cvc5_bapa/fol_0000090.smt2,SAT,0.193
bapa/arith/fol_0000091.smt2,unsat,0.160047054,benchmarks/bapa/arith/cvc5_bapa/fol_0000091.smt2,unsat,0.010165215,bapa/arith/fol_0000091.smt2,unsat,0.387221336,bapa/arith/fol_0000091.smt2,unsat,3.074491739,/home/mudathir/all/sls-reachability/benchmarks/bapa/arith/cvc5_bapa/fol_0000091.smt2,UNSAT,0.019
bapa/arith/fol_0000092.smt2,unsat,0.166557312,benchmarks/bapa/arith/cvc5_bapa/fol_0000092.smt2,unsat,0.012187719,bapa/arith/fol_0000092.smt2,unsat,0.504790306,bapa/arith/fol_0000092.smt2,unsat,2.91204524,/home/mudathir/all/sls-reachability/benchmarks/bapa/arith/cvc5_bapa/fol_0000092.smt2,UNSAT,0.026
bapa/arith/fol_0000093.smt2,unsat,0.178097963,benchmarks/bapa/arith/cvc5_bapa/fol_0000093.smt2,unsat,0.011828899,bapa/arith/fol_0000093.smt2,unsat,0.431667328,bapa/arith/fol_0000093.smt2,unsat,5.822514534,/home/mudathir/all/sls-reachability/benchmarks/bapa/arith/cvc5_bapa/fol_0000093.smt2,UNSAT,0.035
bapa/arith/fol_0000094.smt2,unsat,0.229896784,benchmarks/bapa/arith/cvc5_bapa/fol_0000094.smt2,unsat,0.116023302,bapa/arith/fol_0000094.smt2,unsat,0.682026863,bapa/arith/fol_0000094.smt2,unsat,5.894703627,/home/mudathir/all/sls-reachability/benchmarks/bapa/arith/cvc5_bapa/fol_0000094.smt2,UNSAT,0.223
bapa/arith/fol_0000095.smt2,unsat,0.596110821,benchmarks/bapa/arith/cvc5_bapa/fol_0000095.smt2,unsat,0.116517305,bapa/arith/fol_0000095.smt2,unsat,0.674533367,bapa/arith/fol_0000095.smt2,unsat,4.752156019,/home/mudathir/all/sls-reachability/benchmarks/bapa/arith/cvc5_bapa/fol_0000095.smt2,UNSAT,0.24
bapa/arith/fol_0000096.smt2,sat,0.413686752,benchmarks/bapa/arith/cvc5_bapa/fol_0000096.smt2,sat,0.118608952,bapa/arith/fol_0000096.smt2,sat,1.480971813,bapa/arith/fol_0000096.smt2,sat,0.804335117,/home/mudathir/all/sls-reachability/benchmarks/bapa/arith/cvc5_bapa/fol_0000096.smt2,SAT,0.228
bapa/arith/fol_0000097.smt2,unsat,0.468215942,benchmarks/bapa/arith/cvc5_bapa/fol_0000097.smt2,unsat,0.115262508,bapa/arith/fol_0000097.smt2,unsat,1.984647036,bapa/arith/fol_0000097.smt2,unsat,5.499219656,/home/mudathir/all/sls-reachability/benchmarks/bapa/arith/cvc5_bapa/fol_0000097.smt2,UNSAT,0.23
bapa/arith/fol_0000098.smt2,unsat,0.470690012,benchmarks/bapa/arith/cvc5_bapa/fol_0000098.smt2,unsat,0.118569374,bapa/arith/fol_0000098.smt2,unsat,0.753473759,bapa/arith/fol_0000098.smt2,unsat,7.352150679,/home/mudathir/all/sls-reachability/benchmarks/bapa/arith/cvc5_bapa/fol_0000098.smt2,UNSAT,0.243
bapa/arith/fol_0000099.smt2,sat,0.450362921,benchmarks/bapa/arith/cvc5_bapa/fol_0000099.smt2,sat,0.121697187,bapa/arith/fol_0000099.smt2,sat,1.404585838,bapa/arith/fol_0000099.smt2,sat,0.75932765,/home/mudathir/all/sls-reachability/benchmarks/bapa/arith/cvc5_bapa/fol_0000099.smt2,SAT,0.23
bapa/arith/fol_0000100.smt2,sat,0.456935883,benchmarks/bapa/arith/cvc5_bapa/fol_0000100.smt2,sat,0.12473321,bapa/arith/fol_0000100.smt2,sat,1.823907852,bapa/arith/fol_0000100.smt2,sat,0.788549423,/home/mudathir/all/sls-reachability/benchmarks/bapa/arith/cvc5_bapa/fol_0000100.smt2,SAT,0.223
bapa/arith/fol_0000101.smt2,sat,1.283203125,benchmarks/bapa/arith/cvc5_bapa/fol_0000101.smt2,sat,0.017717361,bapa/arith/fol_0000101.smt2,sat,1.176727533,bapa/arith/fol_0000101.smt2,sat,0.7204144,/home/mudathir/all/sls-reachability/benchmarks/bapa/arith/cvc5_bapa/fol_0000101.smt2,SAT,0.009
bapa/arith/fol_0000102.smt2,sat,0.593713999,benchmarks/bapa/arith/cvc5_bapa/fol_0000102.smt2,sat,0.126150131,bapa/arith/fol_0000102.smt2,sat,1.547340393,bapa/arith/fol_0000102.smt2,sat,0.8741045,/home/mudathir/all/sls-reachability/benchmarks/bapa/arith/cvc5_bapa/fol_0000102.smt2,SAT,0.229
bapa/arith/fol_0000103.smt2,sat,0.571181774,benchmarks/bapa/arith/cvc5_bapa/fol_0000103.smt2,sat,0.119795799,bapa/arith/fol_0000103.smt2,sat,1.557471752,bapa/arith/fol_0000103.smt2,sat,0.765575647,/home/mudathir/all/sls-reachability/benchmarks/bapa/arith/cvc5_bapa/fol_0000103.smt2,SAT,0.226
bapa/arith/fol_0000104.smt2,sat,0.203022003,benchmarks/bapa/arith/cvc5_bapa/fol_0000104.smt2,sat,0.120328665,bapa/arith/fol_0000104.smt2,sat,1.94877243,bapa/arith/fol_0000104.smt2,sat,0.728632927,/home/mudathir/all/sls-reachability/benchmarks/bapa/arith/cvc5_bapa/fol_0000104.smt2,SAT,0.222
bapa/arith/fol_0000105.smt2,sat,0.197631836,benchmarks/bapa/arith/cvc5_bapa/fol_0000105.smt2,sat,0.124726772,bapa/arith/fol_0000105.smt2,sat,1.461445093,bapa/arith/fol_0000105.smt2,sat,3.630959272,/home/mudathir/all/sls-reachability/benchmarks/bapa/arith/cvc5_bapa/fol_0000105.smt2,SAT,0.228
bapa/arith/fol_0000106.smt2,sat,0.442954063,benchmarks/bapa/arith/cvc5_bapa/fol_0000106.smt2,sat,0.122803926,bapa/arith/fol_0000106.smt2,sat,0.554894447,bapa/arith/fol_0000106.smt2,sat,0.834073544,/home/mudathir/all/sls-reachability/benchmarks/bapa/arith/cvc5_bapa/fol_0000106.smt2,SAT,0.231
bapa/arith/fol_0000107.smt2,unsat,0.172296047,benchmarks/bapa/arith/cvc5_bapa/fol_0000107.smt2,unsat,0.839912653,bapa/arith/fol_0000107.smt2,unsat,0.464247704,bapa/arith/fol_0000107.smt2,unsat,5.672798872,/home/mudathir/all/sls-reachability/benchmarks/bapa/arith/cvc5_bapa/fol_0000107.smt2,UNSAT,0.02
bapa/arith/fol_0000108.smt2,sat,0.989900827,benchmarks/bapa/arith/cvc5_bapa/fol_0000108.smt2,sat,0.067646265,bapa/arith/fol_0000108.smt2,sat,1.310395718,bapa/arith/fol_0000108.smt2,sat,1.429060221,/home/mudathir/all/sls-reachability/benchmarks/bapa/arith/cvc5_bapa/fol_0000108.smt2,SAT,0.187
bapa/arith/fol_0000109.smt2,sat,0.423665762,benchmarks/bapa/arith/cvc5_bapa/fol_0000109.smt2,sat,0.119143724,bapa/arith/fol_0000109.smt2,sat,1.391266108,bapa/arith/fol_0000109.smt2,sat,0.786813259,/home/mudathir/all/sls-reachability/benchmarks/bapa/arith/cvc5_bapa/fol_0000109.smt2,SAT,0.228
bapa/arith/fol_0000110.smt2,unsat,0.611566067,benchmarks/bapa/arith/cvc5_bapa/fol_0000110.smt2,unsat,0.118505239,bapa/arith/fol_0000110.smt2,unsat,0.678750277,bapa/arith/fol_0000110.smt2,unsat,5.871457815,/home/mudathir/all/sls-reachability/benchmarks/bapa/arith/cvc5_bapa/fol_0000110.smt2,UNSAT,0.216
bapa/arith/fol_0000111.smt2,unsat,0.164831638,benchmarks/bapa/arith/cvc5_bapa/fol_0000111.smt2,unsat,0.011255503,bapa/arith/fol_0000111.smt2,unsat,0.419580936,bapa/arith/fol_0000111.smt2,unsat,2.923922062,/home/mudathir/all/sls-reachability/benchmarks/bapa/arith/cvc5_bapa/fol_0000111.smt2,UNSAT,0.016
bapa/arith/fol_0000112.smt2,unsat,0.231291533,benchmarks/bapa/arith/cvc5_bapa/fol_0000112.smt2,unsat,0.116581917,bapa/arith/fol_0000112.smt2,unsat,0.721435547,bapa/arith/fol_0000112.smt2,unsat,3.524311543,/home/mudathir/all/sls-reachability/benchmarks/bapa/arith/cvc5_bapa/fol_0000112.smt2,UNSAT,0.542
bapa/arith/fol_0000113.smt2,sat,0.729929447,benchmarks/bapa/arith/cvc5_bapa/fol_0000113.smt2,sat,0.063336611,bapa/arith/fol_0000113.smt2,sat,1.950591564,bapa/arith/fol_0000113.smt2,sat,1.242377996,/home/mudathir/all/sls-reachability/benchmarks/bapa/arith/cvc5_bapa/fol_0000113.smt2,SAT,0.475
bapa/arith/fol_0000114.smt2,unsat,0.172055006,benchmarks/bapa/arith/cvc5_bapa/fol_0000114.smt2,unsat,0.011525393,bapa/arith/fol_0000114.smt2,unsat,0.526179075,bapa/arith/fol_0000114.smt2,unsat,2.657336235,/home/mudathir/all/sls-reachability/benchmarks/bapa/arith/cvc5_bapa/fol_0000114.smt2,UNSAT,0.018
bapa/arith/fol_0000115.smt2,unsat,0.164976597,benchmarks/bapa/arith/cvc5_bapa/fol_0000115.smt2,unsat,0.011500359,bapa/arith/fol_0000115.smt2,unsat,0.488474846,bapa/arith/fol_0000115.smt2,unsat,2.56971097,/home/mudathir/all/sls-reachability/benchmarks/bapa/arith/cvc5_bapa/fol_0000115.smt2,UNSAT,0.017
bapa/arith/fol_0000116.smt2,unsat,0.166372299,benchmarks/bapa/arith/cvc5_bapa/fol_0000116.smt2,unsat,0.011703968,bapa/arith/fol_0000116.smt2,unsat,0.524930477,bapa/arith/fol_0000116.smt2,unsat,8.510929346,/home/mudathir/all/sls-reachability/benchmarks/bapa/arith/cvc5_bapa/fol_0000116.smt2,UNSAT,0.023
bapa/arith/fol_0000117.smt2,sat,0.678281069,benchmarks/bapa/arith/cvc5_bapa/fol_0000117.smt2,sat,0.060166597,bapa/arith/fol_0000117.smt2,sat,1.173060417,bapa/arith/fol_0000117.smt2,sat,0.737346888,/home/mudathir/all/sls-reachability/benchmarks/bapa/arith/cvc5_bapa/fol_0000117.smt2,SAT,0.188
bapa/arith/fol_0000118.smt2,sat,0.179522514,benchmarks/bapa/arith/cvc5_bapa/fol_0000118.smt2,sat,0.119395971,bapa/arith/fol_0000118.smt2,sat,3.16262126,bapa/arith/fol_0000118.smt2,sat,0.86416173,/home/mudathir/all/sls-reachability/benchmarks/bapa/arith/cvc5_bapa/fol_0000118.smt2,SAT,0.216
bapa/arith/fol_0000119.smt2,unsat,0.58964467,benchmarks/bapa/arith/cvc5_bapa/fol_0000119.smt2,unsat,0.11699295,bapa/arith/fol_0000119.smt2,unsat,0.67774272,bapa/arith/fol_0000119.smt2,unsat,4.922399521,/home/mudathir/all/sls-reachability/benchmarks/bapa/arith/cvc5_bapa/fol_0000119.smt2,UNSAT,0.227
bapa/arith/fol_0000120.smt2,unsat,0.165105104,benchmarks/bapa/arith/cvc5_bapa/fol_0000120.smt2,unsat,0.011287212,bapa/arith/fol_0000120.smt2,unsat,0.4808321,bapa/arith/fol_0000120.smt2,unsat,2.897934437,/home/mudathir/all/sls-reachability/benchmarks/bapa/arith/cvc5_bapa/fol_0000120.smt2,UNSAT,0.018
bapa/card/fol_0000001.smt2,sat,0.837563276,benchmarks/bapa/card/cvc5_bapa/fol_0000001.smt2,sat,0.013445139,bapa/card/fol_0000001.smt2 ,sat,1.236551046,bapa/card/fol_0000001.smt2,sat,1.231314898,/home/mudathir/all/sls-reachability/benchmarks/bapa/card/cvc5_bapa/fol_0000001.smt2,SAT,0.011
bapa/card/fol_0000002.smt2,sat,0.759903193,benchmarks/bapa/card/cvc5_bapa/fol_0000002.smt2,sat,0.013576031,bapa/card/fol_0000002.smt2 ,sat,1.267250776,bapa/card/fol_0000002.smt2,sat,1.319231272,/home/mudathir/all/sls-reachability/benchmarks/bapa/card/cvc5_bapa/fol_0000002.smt2,SAT,0.011
bapa/card/fol_0000003.smt2,sat,0.617148161,benchmarks/bapa/card/cvc5_bapa/fol_0000003.smt2,sat,0.012915134,bapa/card/fol_0000003.smt2 ,sat,0.506278515,bapa/card/fol_0000003.smt2,sat,0.930557013,/home/mudathir/all/sls-reachability/benchmarks/bapa/card/cvc5_bapa/fol_0000003.smt2,SAT,0.011
bapa/card/fol_0000004.smt2,sat,1.326921701,benchmarks/bapa/card/cvc5_bapa/fol_0000004.smt2,sat,0.060352802,bapa/card/fol_0000004.smt2 ,sat,2.22850275,bapa/card/fol_0000004.smt2,sat,1.221095324,/home/mudathir/all/sls-reachability/benchmarks/bapa/card/cvc5_bapa/fol_0000004.smt2,SAT,0.01
bapa/card/fol_0000005.smt2,sat,0.664755106,benchmarks/bapa/card/cvc5_bapa/fol_0000005.smt2,sat,0.059652328,bapa/card/fol_0000005.smt2 ,sat,2.578572273,bapa/card/fol_0000005.smt2,sat,0.552821398,/home/mudathir/all/sls-reachability/benchmarks/bapa/card/cvc5_bapa/fol_0000005.smt2,SAT,0.011
bapa/card/fol_0000006.smt2,sat,0.567477465,benchmarks/bapa/card/cvc5_bapa/fol_0000006.smt2,sat,0.060105085,bapa/card/fol_0000006.smt2 ,sat,1.878890753,bapa/card/fol_0000006.smt2,sat,0.800733089,/home/mudathir/all/sls-reachability/benchmarks/bapa/card/cvc5_bapa/fol_0000006.smt2,SAT,0.011
bapa/card/fol_0000007.smt2,sat,0.82105875,benchmarks/bapa/card/cvc5_bapa/fol_0000007.smt2,sat,0.058335543,bapa/card/fol_0000007.smt2 ,sat,2.456139088,bapa/card/fol_0000007.smt2,sat,1.80506897,/home/mudathir/all/sls-reachability/benchmarks/bapa/card/cvc5_bapa/fol_0000007.smt2,SAT,0.184
bapa/card/fol_0000008.smt2,sat,0.655787706,benchmarks/bapa/card/cvc5_bapa/fol_0000008.smt2,sat,0.059497356,bapa/card/fol_0000008.smt2 ,sat,1.821156263,bapa/card/fol_0000008.smt2,sat,0.796382666,/home/mudathir/all/sls-reachability/benchmarks/bapa/card/cvc5_bapa/fol_0000008.smt2,SAT,0.01
bapa/card/fol_0000009.smt2,sat,0.791005611,benchmarks/bapa/card/cvc5_bapa/fol_0000009.smt2,sat,0.057343483,bapa/card/fol_0000009.smt2 ,sat,1.523801804,bapa/card/fol_0000009.smt2,sat,1.655678511,/home/mudathir/all/sls-reachability/benchmarks/bapa/card/cvc5_bapa/fol_0000009.smt2,SAT,0.18
bapa/card/fol_0000010.smt2,sat,0.667458296,benchmarks/bapa/card/cvc5_bapa/fol_0000010.smt2,sat,0.063792229,bapa/card/fol_0000010.smt2 ,sat,1.478378057,bapa/card/fol_0000010.smt2,sat,0.695483685,/home/mudathir/all/sls-reachability/benchmarks/bapa/card/cvc5_bapa/fol_0000010.smt2,SAT,0.181
bapa/card/fol_0000011.smt2,sat,0.676119328,benchmarks/bapa/card/cvc5_bapa/fol_0000011.smt2,sat,0.061859846,bapa/card/fol_0000011.smt2 ,sat,2.744170189,bapa/card/fol_0000011.smt2,sat,0.927489996,/home/mudathir/all/sls-reachability/benchmarks/bapa/card/cvc5_bapa/fol_0000011.smt2,SAT,0.326
bapa/card/fol_0000012.smt2,sat,0.670462847,benchmarks/bapa/card/cvc5_bapa/fol_0000012.smt2,sat,0.060472727,bapa/card/fol_0000012.smt2 ,sat,2.282245636,bapa/card/fol_0000012.smt2,sat,0.861690521,/home/mudathir/all/sls-reachability/benchmarks/bapa/card/cvc5_bapa/fol_0000012.smt2,SAT,0.475
bapa/card/fol_0000013.smt2,sat,0.59122014,benchmarks/bapa/card/cvc5_bapa/fol_0000013.smt2,sat,0.060076475,bapa/card/fol_0000013.smt2 ,sat,0.466986418,bapa/card/fol_0000013.smt2,sat,1.539251089,/home/mudathir/all/sls-reachability/benchmarks/bapa/card/cvc5_bapa/fol_0000013.smt2,SAT,0.012
bapa/card/fol_0000014.smt2,sat,0.161024094,benchmarks/bapa/card/cvc5_bapa/fol_0000014.smt2,sat,0.059150219,bapa/card/fol_0000014.smt2 ,sat,0.771250486,bapa/card/fol_0000014.smt2,sat,0.565951109,/home/mudathir/all/sls-reachability/benchmarks/bapa/card/cvc5_bapa/fol_0000014.smt2,SAT,0.01
bapa/card/fol_0000015.smt2,sat,0.968511343,benchmarks/bapa/card/cvc5_bapa/fol_0000015.smt2,sat,0.063306808,bapa/card/fol_0000015.smt2 ,sat,0.534413815,bapa/card/fol_0000015.smt2,sat,1.116243362,/home/mudathir/all/sls-reachability/benchmarks/bapa/card/cvc5_bapa/fol_0000015.smt2,SAT,0.014
bapa/card/fol_0000016.smt2,sat,0.85265851,benchmarks/bapa/card/cvc5_bapa/fol_0000016.smt2,sat,0.058362961,bapa/card/fol_0000016.smt2 ,sat,2.440607786,bapa/card/fol_0000016.smt2,sat,1.369576454,/home/mudathir/all/sls-reachability/benchmarks/bapa/card/cvc5_bapa/fol_0000016.smt2,SAT,0.011
bapa/card/fol_0000017.smt2,sat,0.528079748,benchmarks/bapa/card/cvc5_bapa/fol_0000017.smt2,sat,0.062740326,bapa/card/fol_0000017.smt2 ,sat,1.233766556,bapa/card/fol_0000017.smt2,sat,0.845202923,/home/mudathir/all/sls-reachability/benchmarks/bapa/card/cvc5_bapa/fol_0000017.smt2,SAT,0.009
bapa/card/fol_0000018.smt2,sat,0.935570955,benchmarks/bapa/card/cvc5_bapa/fol_0000018.smt2,sat,0.06115222,bapa/card/fol_0000018.smt2 ,sat,1.9055655,bapa/card/fol_0000018.smt2,sat,1.042990446,/home/mudathir/all/sls-reachability/benchmarks/bapa/card/cvc5_bapa/fol_0000018.smt2,SAT,0.01
bapa/card/fol_0000019.smt2,sat,0.767495871,benchmarks/bapa/card/cvc5_bapa/fol_0000019.smt2,sat,0.063507795,bapa/card/fol_0000019.smt2 ,sat,4.582928658,bapa/card/fol_0000019.smt2,sat,1.133655548,/home/mudathir/all/sls-reachability/benchmarks/bapa/card/cvc5_bapa/fol_0000019.smt2,SAT,0.185
bapa/card/fol_0000020.smt2,sat,0.170593023,benchmarks/bapa/card/cvc5_bapa/fol_0000020.smt2,sat,0.059348345,bapa/card/fol_0000020.smt2 ,sat,2.34173727,bapa/card/fol_0000020.smt2,sat,0.920508862,/home/mudathir/all/sls-reachability/benchmarks/bapa/card/cvc5_bapa/fol_0000020.smt2,SAT,0.336
bapa/card/fol_0000021.smt2,unsat,0.165035248,benchmarks/bapa/card/cvc5_bapa/fol_0000021.smt2,unsat,0.010775089,bapa/card/fol_0000021.smt2 ,unsat,0.512333632,bapa/card/fol_0000021.smt2,unsat,5.212866783,/home/mudathir/all/sls-reachability/benchmarks/bapa/card/cvc5_bapa/fol_0000021.smt2,UNSAT,0.037
bapa/card/fol_0000022.smt2,sat,0.404261589,benchmarks/bapa/card/cvc5_bapa/fol_0000022.smt2,sat,0.060818195,bapa/card/fol_0000022.smt2 ,sat,1.152194977,bapa/card/fol_0000022.smt2,sat,0.888997793,/home/mudathir/all/sls-reachability/benchmarks/bapa/card/cvc5_bapa/fol_0000022.smt2,SAT,0.183
bapa/card/fol_0000023.smt2,unsat,0.165892601,benchmarks/bapa/card/cvc5_bapa/fol_0000023.smt2,unsat,0.01104188,bapa/card/fol_0000023.smt2 ,unsat,0.471539259,bapa/card/fol_0000023.smt2,unsat,3.614294529,/home/mudathir/all/sls-reachability/benchmarks/bapa/card/cvc5_bapa/fol_0000023.smt2,UNSAT,0.017
bapa/card/fol_0000024.smt2,sat,0.65723896,benchmarks/bapa/card/cvc5_bapa/fol_0000024.smt2,sat,0.065743923,bapa/card/fol_0000024.smt2 ,sat,2.12033534,bapa/card/fol_0000024.smt2,sat,1.193086386,/home/mudathir/all/sls-reachability/benchmarks/bapa/card/cvc5_bapa/fol_0000024.smt2,SAT,0.183
bapa/card/fol_0000025.smt2,sat,0.165690184,benchmarks/bapa/card/cvc5_bapa/fol_0000025.smt2,sat,0.011778116,bapa/card/fol_0000025.smt2 ,sat,0.590932369,bapa/card/fol_0000025.smt2,sat,1.006940842,/home/mudathir/all/sls-reachability/benchmarks/bapa/card/cvc5_bapa/fol_0000025.smt2,SAT,0.011
bapa/card/fol_0000026.smt2,sat,0.382984161,benchmarks/bapa/card/cvc5_bapa/fol_0000026.smt2,sat,0.013353586,bapa/card/fol_0000026.smt2 ,sat,7.220049143,bapa/card/fol_0000026.smt2,sat,0.971992731,/home/mudathir/all/sls-reachability/benchmarks/bapa/card/cvc5_bapa/fol_0000026.smt2,SAT,0.009
bapa/card/fol_0000027.smt2,sat,0.164352417,benchmarks/bapa/card/cvc5_bapa/fol_0000027.smt2,sat,0.014652967,bapa/card/fol_0000027.smt2 ,sat,1.667675257,bapa/card/fol_0000027.smt2,sat,0.923429489,/home/mudathir/all/sls-reachability/benchmarks/bapa/card/cvc5_bapa/fol_0000027.smt2,SAT,0.011
bapa/card/fol_0000028.smt2,unsat,0.482862234,benchmarks/bapa/card/cvc5_bapa/fol_0000028.smt2,unsat,0.115192652,bapa/card/fol_0000028.smt2 ,unsat,0.68453002,bapa/card/fol_0000028.smt2,unsat,6.927735329,/home/mudathir/all/sls-reachability/benchmarks/bapa/card/cvc5_bapa/fol_0000028.smt2,UNSAT,0.215
bapa/card/fol_0000029.smt2,sat,0.532571793,benchmarks/bapa/card/cvc5_bapa/fol_0000029.smt2,sat,0.12024188,bapa/card/fol_0000029.smt2 ,sat,1.508388519,bapa/card/fol_0000029.smt2,sat,0.699658155,/home/mudathir/all/sls-reachability/benchmarks/bapa/card/cvc5_bapa/fol_0000029.smt2,SAT,0.22
bapa/card/fol_0000030.smt2,unsat,0.158925056,benchmarks/bapa/card/cvc5_bapa/fol_0000030.smt2,unsat,0.010989189,bapa/card/fol_0000030.smt2 ,unsat,0.491461754,bapa/card/fol_0000030.smt2,unsat,3.718636513,/home/mudathir/all/sls-reachability/benchmarks/bapa/card/cvc5_bapa/fol_0000030.smt2,UNSAT,0.02
bapa/card/fol_0000031.smt2,sat,0.639919281,benchmarks/bapa/card/cvc5_bapa/fol_0000031.smt2,sat,0.062046289,bapa/card/fol_0000031.smt2 ,sat,0.528685093,bapa/card/fol_0000031.smt2,sat,0.62377882,/home/mudathir/all/sls-reachability/benchmarks/bapa/card/cvc5_bapa/fol_0000031.smt2,SAT,0.011
bapa/card/fol_0000032.smt2,unsat,0.159310579,benchmarks/bapa/card/cvc5_bapa/fol_0000032.smt2,unsat,0.011416912,bapa/card/fol_0000032.smt2 ,unsat,0.43557477,bapa/card/fol_0000032.smt2,unsat,5.043269873,/home/mudathir/all/sls-reachability/benchmarks/bapa/card/cvc5_bapa/fol_0000032.smt2,UNSAT,0.018
bapa/card/fol_0000033.smt2,sat,0.687686205,benchmarks/bapa/card/cvc5_bapa/fol_0000033.smt2,sat,0.061464071,bapa/card/fol_0000033.smt2 ,sat,1.334424019,bapa/card/fol_0000033.smt2,sat,0.674679279,/home/mudathir/all/sls-reachability/benchmarks/bapa/card/cvc5_bapa/fol_0000033.smt2,SAT,0.01
bapa/card/fol_0000034.smt2,unsat,0.160601854,benchmarks/bapa/card/cvc5_bapa/fol_0000034.smt2,unsat,0.011688232,bapa/card/fol_0000034.smt2 ,unsat,0.465310812,bapa/card/fol_0000034.smt2,unsat,3.055157185,/home/mudathir/all/sls-reachability/benchmarks/bapa/card/cvc5_bapa/fol_0000034.smt2,UNSAT,0.018
bapa/card/fol_0000035.smt2,sat,0.710558891,benchmarks/bapa/card/cvc5_bapa/fol_0000035.smt2,sat,0.064224005,bapa/card/fol_0000035.smt2 ,sat,2.027391911,bapa/card/fol_0000035.smt2,sat,4.479081869,/home/mudathir/all/sls-reachability/benchmarks/bapa/card/cvc5_bapa/fol_0000035.smt2,SAT,0.011
bapa/card/fol_0000036.smt2,sat,0.771570683,benchmarks/bapa/card/cvc5_bapa/fol_0000036.smt2,sat,0.012276649,bapa/card/fol_0000036.smt2 ,sat,2.479486227,bapa/card/fol_0000036.smt2,sat,0.635179043,/home/mudathir/all/sls-reachability/benchmarks/bapa/card/cvc5_bapa/fol_0000036.smt2,SAT,0.009
bapa/card/fol_0000037.smt2,sat,0.625891685,benchmarks/bapa/card/cvc5_bapa/fol_0000037.smt2,sat,0.059606075,bapa/card/fol_0000037.smt2 ,sat,1.996350527,bapa/card/fol_0000037.smt2,sat,0.645224094,/home/mudathir/all/sls-reachability/benchmarks/bapa/card/cvc5_bapa/fol_0000037.smt2,SAT,0.184
bapa/card/fol_0000038.smt2,unsat,0.163355112,benchmarks/bapa/card/cvc5_bapa/fol_0000038.smt2,unsat,0.010022163,bapa/card/fol_0000038.smt2 ,unsat,0.50281024,bapa/card/fol_0000038.smt2,unsat,4.646703243,/home/mudathir/all/sls-reachability/benchmarks/bapa/card/cvc5_bapa/fol_0000038.smt2,UNSAT,0.026
bapa/card/fol_0000039.smt2,sat,0.548855066,benchmarks/bapa/card/cvc5_bapa/fol_0000039.smt2,sat,0.061365843,bapa/card/fol_0000039.smt2 ,sat,2.351334572,bapa/card/fol_0000039.smt2,sat,0.969121933,/home/mudathir/all/sls-reachability/benchmarks/bapa/card/cvc5_bapa/fol_0000039.smt2,SAT,0.492
bapa/card/fol_0000040.smt2,unsat,0.16453743,benchmarks/bapa/card/cvc5_bapa/fol_0000040.smt2,unsat,0.010909796,bapa/card/fol_0000040.smt2 ,unsat,0.436534166,bapa/card/fol_0000040.smt2,unsat,3.338329077,/home/mudathir/all/sls-reachability/benchmarks/bapa/card/cvc5_bapa/fol_0000040.smt2,UNSAT,0.033
bapa/card/fol_0000041.smt2,sat,0.810946941,benchmarks/bapa/card/cvc5_bapa/fol_0000041.smt2,sat,0.058904409,bapa/card/fol_0000041.smt2 ,sat,3.769236326,bapa/card/fol_0000041.smt2,sat,0.95598197,/home/mudathir/all/sls-reachability/benchmarks/bapa/card/cvc5_bapa/fol_0000041.smt2,SAT,0.187
bapa/card/fol_0000042.smt2,sat,0.218562841,benchmarks/bapa/card/cvc5_bapa/fol_0000042.smt2,sat,0.013055801,bapa/card/fol_0000042.smt2 ,sat,2.749728441,bapa/card/fol_0000042.smt2,sat,1.164672852,/home/mudathir/all/sls-reachability/benchmarks/bapa/card/cvc5_bapa/fol_0000042.smt2,SAT,0.011
bapa/card/fol_0000043.smt2,sat,0.167175531,benchmarks/bapa/card/cvc5_bapa/fol_0000043.smt2,sat,0.117285252,bapa/card/fol_0000043.smt2 ,sat,1.736631393,bapa/card/fol_0000043.smt2,sat,0.707738638,/home/mudathir/all/sls-reachability/benchmarks/bapa/card/cvc5_bapa/fol_0000043.smt2,SAT,0.242
bapa/card/fol_0000044.smt2,sat,0.632179737,benchmarks/bapa/card/cvc5_bapa/fol_0000044.smt2,sat,0.060628414,bapa/card/fol_0000044.smt2 ,sat,0.469604492,bapa/card/fol_0000044.smt2,sat,1.149028301,/home/mudathir/all/sls-reachability/benchmarks/bapa/card/cvc5_bapa/fol_0000044.smt2,SAT,0.009
bapa/card/fol_0000045.smt2,unsat,9.698495388,benchmarks/bapa/card/cvc5_bapa/fol_0000045.smt2,unsat,0.457522154,bapa/card/fol_0000045.smt2 ,unsat,30.71336293,bapa/card/fol_0000045.smt2,timeout,108.4533377,/home/mudathir/all/sls-reachability/benchmarks/bapa/card/cvc5_bapa/fol_0000045.smt2,UNSAT,1.63
bapa/card/fol_0000046.smt2,timeout,101.550694,benchmarks/bapa/card/cvc5_bapa/fol_0000046.smt2,sat,55.18632817,bapa/card/fol_0000046.smt2,timeout,107.6907589,bapa/card/fol_0000046.smt2,timeout,108.4495742,/home/mudathir/all/sls-reachability/benchmarks/bapa/card/cvc5_bapa/fol_0000046.smt2,SAT,16.096
bapa/card/fol_0000047.smt2,timeout,100.9804425,benchmarks/bapa/card/cvc5_bapa/fol_0000047.smt2,unsat,11.02706838,bapa/card/fol_0000047.smt2,timeout,107.8588026,bapa/card/fol_0000047.smt2,timeout,107.8558357,/home/mudathir/all/sls-reachability/benchmarks/bapa/card/cvc5_bapa/fol_0000047.smt2,UNSAT,23.458
bapa/card/fol_0000050.smt2,timeout,100.1033578,benchmarks/bapa/card/cvc5_bapa/fol_0000050.smt2,sat,0.02278161,bapa/card/fol_0000050.smt2,timeout,107.513155,bapa/card/fol_0000050.smt2,sat,28.273525,/home/mudathir/all/sls-reachability/benchmarks/bapa/card/cvc5_bapa/fol_0000050.smt2,SAT,0.325
bapa/card/fol_0000051.smt2,timeout,100.1031551,benchmarks/bapa/card/cvc5_bapa/fol_0000051.smt2,sat,10.81182694,bapa/card/fol_0000051.smt2 ,sat,22.66429782,bapa/card/fol_0000051.smt2,timeout,108.3295934,/home/mudathir/all/sls-reachability/benchmarks/bapa/card/cvc5_bapa/fol_0000051.smt2,SAT,15.703
bapa/card/fol_0000052.smt2,timeout,100.1039503,benchmarks/bapa/card/cvc5_bapa/fol_0000052.smt2,sat,11.79328108,bapa/card/fol_0000052.smt2,timeout,107.1146064,bapa/card/fol_0000052.smt2,timeout,108.3244624,/home/mudathir/all/sls-reachability/benchmarks/bapa/card/cvc5_bapa/fol_0000052.smt2,SAT,15.803
bapa/card/fol_0000053.smt2,timeout,100.103672,benchmarks/bapa/card/cvc5_bapa/fol_0000053.smt2,sat,10.68431425,bapa/card/fol_0000053.smt2 ,sat,11.58168244,bapa/card/fol_0000053.smt2,sat,7.162894249,/home/mudathir/all/sls-reachability/benchmarks/bapa/card/cvc5_bapa/fol_0000053.smt2,SAT,15.404
bapa/card/fol_0000054.smt2,timeout,100.1044934,benchmarks/bapa/card/cvc5_bapa/fol_0000054.smt2,sat,10.63667393,bapa/card/fol_0000054.smt2,timeout,107.147043,bapa/card/fol_0000054.smt2,timeout,108.4644334,/home/mudathir/all/sls-reachability/benchmarks/bapa/card/cvc5_bapa/fol_0000054.smt2,SAT,15.613
bapa/card/fol_0000055.smt2,timeout,100.1046107,benchmarks/bapa/card/cvc5_bapa/fol_0000055.smt2,unsat,9.276809692,bapa/card/fol_0000055.smt2,timeout,107.142801,bapa/card/fol_0000055.smt2,timeout,108.6563888,/home/mudathir/all/sls-reachability/benchmarks/bapa/card/cvc5_bapa/fol_0000055.smt2,SAT,63.077
bapa/card/fol_0000056.smt2,sat,2.848960161,benchmarks/bapa/card/cvc5_bapa/fol_0000056.smt2,sat,0.023314953,bapa/card/fol_0000056.smt2 ,sat,7.204630136,bapa/card/fol_0000056.smt2,sat,8.271733046,/home/mudathir/all/sls-reachability/benchmarks/bapa/card/cvc5_bapa/fol_0000056.smt2,SAT,0.015
bapa/card/fol_0000057.smt2,timeout,100.1046133,benchmarks/bapa/card/cvc5_bapa/fol_0000057.smt2,sat,0.464864492,bapa/card/fol_0000057.smt2 ,sat,50.82366276,bapa/card/fol_0000057.smt2,timeout,108.2386401,/home/mudathir/all/sls-reachability/benchmarks/bapa/card/cvc5_bapa/fol_0000057.smt2,SAT,1.696
bapa/card/fol_0000058.smt2,unsat,0.241063595,benchmarks/bapa/card/cvc5_bapa/fol_0000058.smt2,unsat,0.115168571,bapa/card/fol_0000058.smt2 ,unsat,0.588051319,bapa/card/fol_0000058.smt2,unsat,6.445716143,/home/mudathir/all/sls-reachability/benchmarks/bapa/card/cvc5_bapa/fol_0000058.smt2,UNSAT,0.248
bapa/card/fol_0000059.smt2,unsat,0.192982197,benchmarks/bapa/card/cvc5_bapa/fol_0000059.smt2,unsat,0.009136915,bapa/card/fol_0000059.smt2 ,unsat,0.466121674,bapa/card/fol_0000059.smt2,timeout,108.534631,/home/mudathir/all/sls-reachability/benchmarks/bapa/card/cvc5_bapa/fol_0000059.smt2,UNSAT,0.014
bapa/card/fol_0000060.smt2,unsat,5.373470783,benchmarks/bapa/card/cvc5_bapa/fol_0000060.smt2,unsat,0.457544804,bapa/card/fol_0000060.smt2 ,unsat,39.92935252,bapa/card/fol_0000060.smt2,timeout,111.3507495,/home/mudathir/all/sls-reachability/benchmarks/bapa/card/cvc5_bapa/fol_0000060.smt2,UNSAT,1.64
bapa/card/fol_0000061.smt2,timeout,100.1036675,benchmarks/bapa/card/cvc5_bapa/fol_0000061.smt2,unsat,1.318218946,bapa/card/fol_0000061.smt2 ,unsat,3.047235012,bapa/card/fol_0000061.smt2,timeout,108.4827733,/home/mudathir/all/sls-reachability/benchmarks/bapa/card/cvc5_bapa/fol_0000061.smt2,UNSAT,1.682
bapa/card/fol_0000062.smt2,timeout,100.0697839,benchmarks/bapa/card/cvc5_bapa/fol_0000062.smt2,sat,0.572218418,bapa/card/fol_0000062.smt2,timeout,107.3046968,bapa/card/fol_0000062.smt2,sat,12.90880108,/home/mudathir/all/sls-reachability/benchmarks/bapa/card/cvc5_bapa/fol_0000062.smt2,SAT,1.76
bapa/card/fol_0000063.smt2,unsat,0.225958586,benchmarks/bapa/card/cvc5_bapa/fol_0000063.smt2,unsat,0.120316982,bapa/card/fol_0000063.smt2 ,unsat,0.64744544,bapa/card/fol_0000063.smt2,unsat,39.03243661,/home/mudathir/all/sls-reachability/benchmarks/bapa/card/cvc5_bapa/fol_0000063.smt2,UNSAT,0.224
bapa/card/fol_0000064.smt2,unsat,0.187552452,benchmarks/bapa/card/cvc5_bapa/fol_0000064.smt2,unsat,0.009072781,bapa/card/fol_0000064.smt2 ,unsat,0.524359465,bapa/card/fol_0000064.smt2,timeout,108.0234311,/home/mudathir/all/sls-reachability/benchmarks/bapa/card/cvc5_bapa/fol_0000064.smt2,UNSAT,0.015
bapa/card/fol_0000065.smt2,timeout,100.0962555,benchmarks/bapa/card/cvc5_bapa/fol_0000065.smt2,unsat,0.463155508,bapa/card/fol_0000065.smt2 ,unsat,29.39164686,bapa/card/fol_0000065.smt2,timeout,108.2854109,/home/mudathir/all/sls-reachability/benchmarks/bapa/card/cvc5_bapa/fol_0000065.smt2,UNSAT,1.728
bapa/card/fol_0000066.smt2,unsat,4.086913347,benchmarks/bapa/card/cvc5_bapa/fol_0000066.smt2,unsat,0.45934391,bapa/card/fol_0000066.smt2 ,unsat,5.466454744,bapa/card/fol_0000066.smt2,timeout,111.1606686,/home/mudathir/all/sls-reachability/benchmarks/bapa/card/cvc5_bapa/fol_0000066.smt2,UNSAT,1.705
bapa/card/fol_0000067.smt2,unsat,4.224400997,benchmarks/bapa/card/cvc5_bapa/fol_0000067.smt2,unsat,0.4643085,bapa/card/fol_0000067.smt2 ,unsat,4.181167364,bapa/card/fol_0000067.smt2,timeout,108.4231439,/home/mudathir/all/sls-reachability/benchmarks/bapa/card/cvc5_bapa/fol_0000067.smt2,UNSAT,3.915
bapa/card/fol_0000068.smt2,unsat,4.218070507,benchmarks/bapa/card/cvc5_bapa/fol_0000068.smt2,unsat,0.480467796,bapa/card/fol_0000068.smt2 ,unsat,1.482601166,bapa/card/fol_0000068.smt2,timeout,108.4450922,/home/mudathir/all/sls-reachability/benchmarks/bapa/card/cvc5_bapa/fol_0000068.smt2,UNSAT,3.83
bapa/card/fol_0000069.smt2,timeout,100.1042275,benchmarks/bapa/card/cvc5_bapa/fol_0000069.smt2,sat,10.55020237,bapa/card/fol_0000069.smt2,timeout,107.3386168,bapa/card/fol_0000069.smt2,timeout,108.5233958,/home/mudathir/all/sls-reachability/benchmarks/bapa/card/cvc5_bapa/fol_0000069.smt2,SAT,16.098
bapa/card/fol_0000070.smt2,timeout,100.1041586,benchmarks/bapa/card/cvc5_bapa/fol_0000070.smt2,unsat,9.696464777,bapa/card/fol_0000070.smt2,timeout,107.4031527,bapa/card/fol_0000070.smt2,timeout,108.4985104,/home/mudathir/all/sls-reachability/benchmarks/bapa/card/cvc5_bapa/fol_0000070.smt2,UNSAT,15.481
bapa/card/fol_0000073.smt2,timeout,100.1034896,benchmarks/bapa/card/cvc5_bapa/fol_0000073.smt2,sat,0.022176981,bapa/card/fol_0000073.smt2,timeout,107.6879518,bapa/card/fol_0000073.smt2,timeout,108.6483433,/home/mudathir/all/sls-reachability/benchmarks/bapa/card/cvc5_bapa/fol_0000073.smt2,SAT,0.128
bapa/card/fol_0000074.smt2,sat,3.304485798,benchmarks/bapa/card/cvc5_bapa/fol_0000074.smt2,sat,11.84502625,bapa/card/fol_0000074.smt2,timeout,107.6805983,bapa/card/fol_0000074.smt2,timeout,108.5712616,/home/mudathir/all/sls-reachability/benchmarks/bapa/card/cvc5_bapa/fol_0000074.smt2,SAT,15.534
bapa/card/fol_0000075.smt2,timeout,100.104178,benchmarks/bapa/card/cvc5_bapa/fol_0000075.smt2,sat,10.56158233,bapa/card/fol_0000075.smt2,timeout,107.6174614,bapa/card/fol_0000075.smt2,sat,16.32027054,/home/mudathir/all/sls-reachability/benchmarks/bapa/card/cvc5_bapa/fol_0000075.smt2,SAT,15.748
bapa/card/fol_0000076.smt2,timeout,100.1046302,benchmarks/bapa/card/cvc5_bapa/fol_0000076.smt2,sat,10.78704834,bapa/card/fol_0000076.smt2 ,sat,5.715226173,bapa/card/fol_0000076.smt2,timeout,108.5020735,/home/mudathir/all/sls-reachability/benchmarks/bapa/card/cvc5_bapa/fol_0000076.smt2,SAT,60.074
bapa/card/fol_0000077.smt2,timeout,100.1046333,benchmarks/bapa/card/cvc5_bapa/fol_0000077.smt2,sat,11.82934046,bapa/card/fol_0000077.smt2,timeout,109.5823307,bapa/card/fol_0000077.smt2,timeout,108.6757436,/home/mudathir/all/sls-reachability/benchmarks/bapa/card/cvc5_bapa/fol_0000077.smt2,SAT,15.144
bapa/card/fol_0000078.smt2,timeout,100.0172889,benchmarks/bapa/card/cvc5_bapa/fol_0000078.smt2,unsat,9.231912851,bapa/card/fol_0000078.smt2 ,unsat,3.981404305,bapa/card/fol_0000078.smt2,timeout,109.2873967,/home/mudathir/all/sls-reachability/benchmarks/bapa/card/cvc5_bapa/fol_0000078.smt2,SAT,67.651
bapa/card/fol_0000079.smt2,sat,3.021392584,benchmarks/bapa/card/cvc5_bapa/fol_0000079.smt2,sat,0.024192095,bapa/card/fol_0000079.smt2,timeout,107.5100994,bapa/card/fol_0000079.smt2,sat,0.526972771,/home/mudathir/all/sls-reachability/benchmarks/bapa/card/cvc5_bapa/fol_0000079.smt2,SAT,0.016
bapa/card/fol_0000080.smt2,sat,8.442976713,benchmarks/bapa/card/cvc5_bapa/fol_0000080.smt2,sat,0.857588291,bapa/card/fol_0000080.smt2 ,sat,27.44779754,bapa/card/fol_0000080.smt2,timeout,109.3219347,/home/mudathir/all/sls-reachability/benchmarks/bapa/card/cvc5_bapa/fol_0000080.smt2,SAT,9.369
bapa/card/fol_0000081.smt2,unsat,0.194552422,benchmarks/bapa/card/cvc5_bapa/fol_0000081.smt2,unsat,0.009028196,bapa/card/fol_0000081.smt2 ,unsat,0.470855474,bapa/card/fol_0000081.smt2,timeout,109.2997134,/home/mudathir/all/sls-reachability/benchmarks/bapa/card/cvc5_bapa/fol_0000081.smt2,UNSAT,0.016
bapa/card/fol_0000082.smt2,timeout,100.1036747,benchmarks/bapa/card/cvc5_bapa/fol_0000082.smt2,sat,1.380358696,bapa/card/fol_0000082.smt2,timeout,107.3801687,bapa/card/fol_0000082.smt2,timeout,109.2859027,/home/mudathir/all/sls-reachability/benchmarks/bapa/card/cvc5_bapa/fol_0000082.smt2,SAT,9.013
bapa/card/fol_0000083.smt2,timeout,100.1044736,benchmarks/bapa/card/cvc5_bapa/fol_0000083.smt2,unsat,0.814053535,bapa/card/fol_0000083.smt2 ,unsat,1.026738882,bapa/card/fol_0000083.smt2,timeout,109.3379898,/home/mudathir/all/sls-reachability/benchmarks/bapa/card/cvc5_bapa/fol_0000083.smt2,UNSAT,9.225
bapa/card/fol_0000084.smt2,timeout,100.0120139,benchmarks/bapa/card/cvc5_bapa/fol_0000084.smt2,sat,10.56847,bapa/card/fol_0000084.smt2,timeout,107.5857298,bapa/card/fol_0000084.smt2,timeout,111.9247811,/home/mudathir/all/sls-reachability/benchmarks/bapa/card/cvc5_bapa/fol_0000084.smt2,SAT,15.917
bapa/card/fol_0000085.smt2,unsat,7.8902812,benchmarks/bapa/card/cvc5_bapa/fol_0000085.smt2,unsat,0.444107056,bapa/card/fol_0000085.smt2 ,unsat,1.798836231,bapa/card/fol_0000085.smt2,timeout,108.4166903,/home/mudathir/all/sls-reachability/benchmarks/bapa/card/cvc5_bapa/fol_0000085.smt2,UNSAT,2.096
bapa/card/fol_0000086.smt2,unsat,3.078858614,benchmarks/bapa/card/cvc5_bapa/fol_0000086.smt2,unsat,1.297381401,bapa/card/fol_0000086.smt2 ,unsat,4.856887341,bapa/card/fol_0000086.smt2,timeout,109.0491564,/home/mudathir/all/sls-reachability/benchmarks/bapa/card/cvc5_bapa/fol_0000086.smt2,UNSAT,1.664
bapa/card/fol_0000087.smt2,timeout,100.1035907,benchmarks/bapa/card/cvc5_bapa/fol_0000087.smt2,unsat,0.804741859,bapa/card/fol_0000087.smt2 ,unsat,1.016508102,bapa/card/fol_0000087.smt2,timeout,108.8956335,/home/mudathir/all/sls-reachability/benchmarks/bapa/card/cvc5_bapa/fol_0000087.smt2,UNSAT,21.257
bapa/card/fol_0000088.smt2,timeout,100.1044376,benchmarks/bapa/card/cvc5_bapa/fol_0000088.smt2,unsat,9.781719685,bapa/card/fol_0000088.smt2 ,unsat,67.86928463,bapa/card/fol_0000088.smt2,timeout,108.9229953,/home/mudathir/all/sls-reachability/benchmarks/bapa/card/cvc5_bapa/fol_0000088.smt2,UNSAT,31.743
bapa/card/fol_0000089.smt2,timeout,100.1042128,benchmarks/bapa/card/cvc5_bapa/fol_0000089.smt2,unsat,9.92169714,bapa/card/fol_0000089.smt2,timeout,107.5726597,bapa/card/fol_0000089.smt2,timeout,108.950799,/home/mudathir/all/sls-reachability/benchmarks/bapa/card/cvc5_bapa/fol_0000089.smt2,UNSAT,18.034
bapa/card/fol_0000090.smt2,sat,7.595012426,benchmarks/bapa/card/cvc5_bapa/fol_0000090.smt2,sat,0.838463545,bapa/card/fol_0000090.smt2 ,sat,12.19991851,bapa/card/fol_0000090.smt2,timeout,108.5816956,/home/mudathir/all/sls-reachability/benchmarks/bapa/card/cvc5_bapa/fol_0000090.smt2,SAT,9.396
bapa/card/fol_0000091.smt2,unsat,0.16583252,benchmarks/bapa/card/cvc5_bapa/fol_0000091.smt2,unsat,0.011050463,bapa/card/fol_0000091.smt2 ,unsat,0.549840927,bapa/card/fol_0000091.smt2,timeout,109.0488815,/home/mudathir/all/sls-reachability/benchmarks/bapa/card/cvc5_bapa/fol_0000091.smt2,UNSAT,0.02
bapa/card/fol_0000092.smt2,unsat,9.751420021,benchmarks/bapa/card/cvc5_bapa/fol_0000092.smt2,unsat,0.812344313,bapa/card/fol_0000092.smt2 ,unsat,3.529037952,bapa/card/fol_0000092.smt2,timeout,109.0831795,/home/mudathir/all/sls-reachability/benchmarks/bapa/card/cvc5_bapa/fol_0000092.smt2,UNSAT,8.946
bapa/card/fol_0000093.smt2,unsat,8.668567896,benchmarks/bapa/card/cvc5_bapa/fol_0000093.smt2,unsat,0.814167738,bapa/card/fol_0000093.smt2 ,unsat,0.95271039,bapa/card/fol_0000093.smt2,timeout,112.0655875,/home/mudathir/all/sls-reachability/benchmarks/bapa/card/cvc5_bapa/fol_0000093.smt2,UNSAT,11.537
bapa/card/fol_0000094.smt2,unsat,2.257573128,benchmarks/bapa/card/cvc5_bapa/fol_0000094.smt2,unsat,0.44502306,bapa/card/fol_0000094.smt2 ,unsat,1.880069494,bapa/card/fol_0000094.smt2,timeout,108.9569211,/home/mudathir/all/sls-reachability/benchmarks/bapa/card/cvc5_bapa/fol_0000094.smt2,UNSAT,1.708
bapa/card/fol_0000095.smt2,timeout,100.0097179,benchmarks/bapa/card/cvc5_bapa/fol_0000095.smt2,unsat,10.69404316,bapa/card/fol_0000095.smt2,timeout,107.6719003,bapa/card/fol_0000095.smt2,timeout,108.9765639,/home/mudathir/all/sls-reachability/benchmarks/bapa/card/cvc5_bapa/fol_0000095.smt2,UNSAT,15.979
bapa/card/fol_0000101.smt2,timeout,100.1039073,benchmarks/bapa/card/cvc5_bapa/fol_0000101.smt2,sat,0.028036356,bapa/card/fol_0000101.smt2,timeout,107.6079209,bapa/card/fol_0000101.smt2,timeout,108.4477983,/home/mudathir/all/sls-reachability/benchmarks/bapa/card/cvc5_bapa/fol_0000101.smt2,SAT,0.334
bapa/card/fol_0000108.smt2,sat,3.024440765,benchmarks/bapa/card/cvc5_bapa/fol_0000108.smt2,sat,0.028664827,bapa/card/fol_0000108.smt2,timeout,108.0527062,bapa/card/fol_0000108.smt2,timeout,108.7222512,/home/mudathir/all/sls-reachability/benchmarks/bapa/card/cvc5_bapa/fol_0000108.smt2,SAT,0.087
bapa/card/fol_0000109.smt2,timeout,100.1041148,benchmarks/bapa/card/cvc5_bapa/fol_0000109.smt2,sat,55.58915424,bapa/card/fol_0000109.smt2,timeout,107.8757422,bapa/card/fol_0000109.smt2,timeout,108.6414089,/home/mudathir/all/sls-reachability/benchmarks/bapa/card/cvc5_bapa/fol_0000109.smt2,SAT,58.322
bapa/card/fol_0000110.smt2,unsat,5.9526577,benchmarks/bapa/card/cvc5_bapa/fol_0000110.smt2,unsat,0.451552629,bapa/card/fol_0000110.smt2 ,unsat,96.94133735,bapa/card/fol_0000110.smt2,timeout,108.862349,/home/mudathir/all/sls-reachability/benchmarks/bapa/card/cvc5_bapa/fol_0000110.smt2,UNSAT,1.742
bapa/card/fol_0000111.smt2,timeout,100.1037455,benchmarks/bapa/card/cvc5_bapa/fol_0000111.smt2,unsat,0.837837934,bapa/card/fol_0000111.smt2,timeout,108.0256281,bapa/card/fol_0000111.smt2,timeout,108.8113534,/home/mudathir/all/sls-reachability/benchmarks/bapa/card/cvc5_bapa/fol_0000111.smt2,UNSAT,9.494
bapa/card/fol_0000112.smt2,timeout,100.1040609,benchmarks/bapa/card/cvc5_bapa/fol_0000112.smt2,unsat,10.83700991,bapa/card/fol_0000112.smt2,timeout,108.1070235,bapa/card/fol_0000112.smt2,timeout,108.8125668,/home/mudathir/all/sls-reachability/benchmarks/bapa/card/cvc5_bapa/fol_0000112.smt2,UNSAT,15.724
bapa/card/fol_0000113.smt2,timeout,100.1045089,benchmarks/bapa/card/cvc5_bapa/fol_0000113.smt2,sat,10.65996408,bapa/card/fol_0000113.smt2,timeout,107.4229624,bapa/card/fol_0000113.smt2,timeout,110.2141333,/home/mudathir/all/sls-reachability/benchmarks/bapa/card/cvc5_bapa/fol_0000113.smt2,SAT,83.8
bapa/card/fol_0000114.smt2,unsat,5.134901524,benchmarks/bapa/card/cvc5_bapa/fol_0000114.smt2,unsat,0.801208973,bapa/card/fol_0000114.smt2 ,unsat,1.060232639,bapa/card/fol_0000114.smt2,timeout,108.4149928,/home/mudathir/all/sls-reachability/benchmarks/bapa/card/cvc5_bapa/fol_0000114.smt2,UNSAT,22.173
bapa/card/fol_0000115.smt2,timeout,100.103924,benchmarks/bapa/card/cvc5_bapa/fol_0000115.smt2,unsat,0.80271554,bapa/card/fol_0000115.smt2 ,unsat,1.115792274,bapa/card/fol_0000115.smt2,timeout,108.7644267,/home/mudathir/all/sls-reachability/benchmarks/bapa/card/cvc5_bapa/fol_0000115.smt2,UNSAT,21.674
bapa/card/fol_0000116.smt2,timeout,100.1043963,benchmarks/bapa/card/cvc5_bapa/fol_0000116.smt2,unsat,9.277259588,bapa/card/fol_0000116.smt2 ,unsat,21.41166854,bapa/card/fol_0000116.smt2,timeout,108.6637926,/home/mudathir/all/sls-reachability/benchmarks/bapa/card/cvc5_bapa/fol_0000116.smt2,SAT,49.466
bapa/card/fol_0000117.smt2,timeout,100.1039832,benchmarks/bapa/card/cvc5_bapa/fol_0000117.smt2,sat,11.55320835,bapa/card/fol_0000117.smt2,timeout,107.9987998,bapa/card/fol_0000117.smt2,timeout,108.7355897,/home/mudathir/all/sls-reachability/benchmarks/bapa/card/cvc5_bapa/fol_0000117.smt2,SAT,55.52
bapa/card/fol_0000119.smt2,unsat,6.466995239,benchmarks/bapa/card/cvc5_bapa/fol_0000119.smt2,unsat,9.808425903,bapa/card/fol_0000119.smt2,timeout,108.1000319,bapa/card/fol_0000119.smt2,timeout,108.0846643,/home/mudathir/all/sls-reachability/benchmarks/bapa/card/cvc5_bapa/fol_0000119.smt2,UNSAT,16.396
bapa/card/fol_0000120.smt2,timeout,100.1041241,benchmarks/bapa/card/cvc5_bapa/fol_0000120.smt2,unsat,9.23731184,bapa/card/fol_0000120.smt2,timeout,108.0898731,bapa/card/fol_0000120.smt2,timeout,108.2374883,/home/mudathir/all/sls-reachability/benchmarks/bapa/card/cvc5_bapa/fol_0000120.smt2,SAT,61.934
bapa/arith/fol_0000001.smt2,sat,0.410186529,benchmarks/bapa/arith/cvc5_mapa/fol_0000001.smt2,sat,0.010293007,bapa/arith/fol_0000001.smt2,sat,0.457865,bapa/arith/fol_0000001.smt2,sat,0.338112116,/home/mudathir/all/sls-reachability/benchmarks/bapa/arith/cvc5_mapa/fol_0000001.smt2,SAT,0.069
bapa/arith/fol_0000002.smt2,sat,0.286105871,benchmarks/bapa/arith/cvc5_mapa/fol_0000002.smt2,sat,0.011740685,bapa/arith/fol_0000002.smt2,sat,0.471129656,bapa/arith/fol_0000002.smt2,sat,0.213597775,/home/mudathir/all/sls-reachability/benchmarks/bapa/arith/cvc5_mapa/fol_0000002.smt2,SAT,0.017
bapa/arith/fol_0000003.smt2,sat,0.307407379,benchmarks/bapa/arith/cvc5_mapa/fol_0000003.smt2,sat,0.012347221,bapa/arith/fol_0000003.smt2,sat,0.360048771,bapa/arith/fol_0000003.smt2,sat,0.203326464,/home/mudathir/all/sls-reachability/benchmarks/bapa/arith/cvc5_mapa/fol_0000003.smt2,SAT,0.013
bapa/arith/fol_0000004.smt2,sat,0.28412962,benchmarks/bapa/arith/cvc5_mapa/fol_0000004.smt2,sat,0.012315035,bapa/arith/fol_0000004.smt2,sat,0.369318962,bapa/arith/fol_0000004.smt2,sat,0.215063572,/home/mudathir/all/sls-reachability/benchmarks/bapa/arith/cvc5_mapa/fol_0000004.smt2,SAT,0.014
bapa/arith/fol_0000005.smt2,sat,0.295028687,benchmarks/bapa/arith/cvc5_mapa/fol_0000005.smt2,sat,0.014012098,bapa/arith/fol_0000005.smt2,sat,0.368660688,bapa/arith/fol_0000005.smt2,sat,0.201014996,/home/mudathir/all/sls-reachability/benchmarks/bapa/arith/cvc5_mapa/fol_0000005.smt2,SAT,0.013
bapa/arith/fol_0000006.smt2,sat,0.297081947,benchmarks/bapa/arith/cvc5_mapa/fol_0000006.smt2,sat,0.013868809,bapa/arith/fol_0000006.smt2,sat,0.345784903,bapa/arith/fol_0000006.smt2,sat,0.260608673,/home/mudathir/all/sls-reachability/benchmarks/bapa/arith/cvc5_mapa/fol_0000006.smt2,SAT,0.013
bapa/arith/fol_0000007.smt2,sat,0.292583466,benchmarks/bapa/arith/cvc5_mapa/fol_0000007.smt2,sat,0.012511015,bapa/arith/fol_0000007.smt2,sat,0.350270987,bapa/arith/fol_0000007.smt2,sat,0.206109047,/home/mudathir/all/sls-reachability/benchmarks/bapa/arith/cvc5_mapa/fol_0000007.smt2,SAT,0.014
bapa/arith/fol_0000008.smt2,sat,0.28817153,benchmarks/bapa/arith/cvc5_mapa/fol_0000008.smt2,sat,0.012430191,bapa/arith/fol_0000008.smt2,sat,0.324238777,bapa/arith/fol_0000008.smt2,sat,0.196211338,/home/mudathir/all/sls-reachability/benchmarks/bapa/arith/cvc5_mapa/fol_0000008.smt2,SAT,0.015
bapa/arith/fol_0000009.smt2,sat,0.301508904,benchmarks/bapa/arith/cvc5_mapa/fol_0000009.smt2,sat,0.011890411,bapa/arith/fol_0000009.smt2,sat,0.430284977,bapa/arith/fol_0000009.smt2,sat,0.192071438,/home/mudathir/all/sls-reachability/benchmarks/bapa/arith/cvc5_mapa/fol_0000009.smt2,SAT,0.015
bapa/arith/fol_0000010.smt2,sat,0.293764591,benchmarks/bapa/arith/cvc5_mapa/fol_0000010.smt2,sat,0.011268854,bapa/arith/fol_0000010.smt2,sat,0.325398445,bapa/arith/fol_0000010.smt2,sat,0.18494463,/home/mudathir/all/sls-reachability/benchmarks/bapa/arith/cvc5_mapa/fol_0000010.smt2,SAT,0.012
bapa/arith/fol_0000011.smt2,sat,0.303085089,benchmarks/bapa/arith/cvc5_mapa/fol_0000011.smt2,sat,0.012326002,bapa/arith/fol_0000011.smt2,sat,0.419392109,bapa/arith/fol_0000011.smt2,sat,0.245181561,/home/mudathir/all/sls-reachability/benchmarks/bapa/arith/cvc5_mapa/fol_0000011.smt2,SAT,0.011
bapa/arith/fol_0000012.smt2,sat,0.304507494,benchmarks/bapa/arith/cvc5_mapa/fol_0000012.smt2,sat,0.011671305,bapa/arith/fol_0000012.smt2,sat,0.332963943,bapa/arith/fol_0000012.smt2,sat,0.198241472,/home/mudathir/all/sls-reachability/benchmarks/bapa/arith/cvc5_mapa/fol_0000012.smt2,SAT,0.014
bapa/arith/fol_0000013.smt2,sat,0.306045055,benchmarks/bapa/arith/cvc5_mapa/fol_0000013.smt2,sat,0.011610031,bapa/arith/fol_0000013.smt2,sat,0.327110291,bapa/arith/fol_0000013.smt2,sat,0.189207077,/home/mudathir/all/sls-reachability/benchmarks/bapa/arith/cvc5_mapa/fol_0000013.smt2,SAT,0.013
bapa/arith/fol_0000014.smt2,sat,0.320058823,benchmarks/bapa/arith/cvc5_mapa/fol_0000014.smt2,sat,0.011347771,bapa/arith/fol_0000014.smt2,sat,0.317950249,bapa/arith/fol_0000014.smt2,sat,0.190530062,/home/mudathir/all/sls-reachability/benchmarks/bapa/arith/cvc5_mapa/fol_0000014.smt2,SAT,0.011
bapa/arith/fol_0000015.smt2,sat,0.303849936,benchmarks/bapa/arith/cvc5_mapa/fol_0000015.smt2,sat,0.012412071,bapa/arith/fol_0000015.smt2,sat,0.429214716,bapa/arith/fol_0000015.smt2,sat,0.196652174,/home/mudathir/all/sls-reachability/benchmarks/bapa/arith/cvc5_mapa/fol_0000015.smt2,SAT,0.013
bapa/arith/fol_0000016.smt2,sat,0.341473579,benchmarks/bapa/arith/cvc5_mapa/fol_0000016.smt2,sat,0.012585878,bapa/arith/fol_0000016.smt2,sat,0.355923414,bapa/arith/fol_0000016.smt2,sat,0.187465906,/home/mudathir/all/sls-reachability/benchmarks/bapa/arith/cvc5_mapa/fol_0000016.smt2,SAT,0.013
bapa/arith/fol_0000017.smt2,sat,0.32170105,benchmarks/bapa/arith/cvc5_mapa/fol_0000017.smt2,sat,0.012321234,bapa/arith/fol_0000017.smt2,sat,0.465379715,bapa/arith/fol_0000017.smt2,sat,0.192190647,/home/mudathir/all/sls-reachability/benchmarks/bapa/arith/cvc5_mapa/fol_0000017.smt2,SAT,0.013
bapa/arith/fol_0000018.smt2,sat,0.2964499,benchmarks/bapa/arith/cvc5_mapa/fol_0000018.smt2,sat,0.01206708,bapa/arith/fol_0000018.smt2,sat,0.354468107,bapa/arith/fol_0000018.smt2,sat,0.191995382,/home/mudathir/all/sls-reachability/benchmarks/bapa/arith/cvc5_mapa/fol_0000018.smt2,SAT,0.014
bapa/arith/fol_0000019.smt2,sat,0.31636405,benchmarks/bapa/arith/cvc5_mapa/fol_0000019.smt2,sat,0.015625477,bapa/arith/fol_0000019.smt2,sat,0.482403278,bapa/arith/fol_0000019.smt2,sat,0.197681904,/home/mudathir/all/sls-reachability/benchmarks/bapa/arith/cvc5_mapa/fol_0000019.smt2,SAT,0.015
bapa/arith/fol_0000020.smt2,sat,0.306529522,benchmarks/bapa/arith/cvc5_mapa/fol_0000020.smt2,sat,0.01298213,bapa/arith/fol_0000020.smt2,sat,0.359628201,bapa/arith/fol_0000020.smt2,sat,0.196414471,/home/mudathir/all/sls-reachability/benchmarks/bapa/arith/cvc5_mapa/fol_0000020.smt2,SAT,0.013
bapa/arith/fol_0000021.smt2,unsat,0.166874647,benchmarks/bapa/arith/cvc5_mapa/fol_0000021.smt2,unsat,0.010868788,bapa/arith/fol_0000021.smt2,unsat,0.171089172,bapa/arith/fol_0000021.smt2,unsat,0.340543747,/home/mudathir/all/sls-reachability/benchmarks/bapa/arith/cvc5_mapa/fol_0000021.smt2,UNSAT,0.035
bapa/arith/fol_0000022.smt2,sat,0.28779006,benchmarks/bapa/arith/cvc5_mapa/fol_0000022.smt2,sat,0.012656212,bapa/arith/fol_0000022.smt2,sat,0.479726791,bapa/arith/fol_0000022.smt2,sat,0.260668993,/home/mudathir/all/sls-reachability/benchmarks/bapa/arith/cvc5_mapa/fol_0000022.smt2,SAT,0.011
bapa/arith/fol_0000023.smt2,unsat,0.158237934,benchmarks/bapa/arith/cvc5_mapa/fol_0000023.smt2,unsat,0.010987282,bapa/arith/fol_0000023.smt2,unsat,0.179064751,bapa/arith/fol_0000023.smt2,unsat,0.367945671,/home/mudathir/all/sls-reachability/benchmarks/bapa/arith/cvc5_mapa/fol_0000023.smt2,UNSAT,0.027
bapa/arith/fol_0000024.smt2,sat,0.317140102,benchmarks/bapa/arith/cvc5_mapa/fol_0000024.smt2,sat,0.01714325,bapa/arith/fol_0000024.smt2,timeout,103.1955211,bapa/arith/fol_0000024.smt2,sat,0.219021082,/home/mudathir/all/sls-reachability/benchmarks/bapa/arith/cvc5_mapa/fol_0000024.smt2,SAT,0.013
bapa/arith/fol_0000025.smt2,sat,0.289137602,benchmarks/bapa/arith/cvc5_mapa/fol_0000025.smt2,sat,0.012379646,bapa/arith/fol_0000025.smt2,sat,0.327454567,bapa/arith/fol_0000025.smt2,sat,0.202879906,/home/mudathir/all/sls-reachability/benchmarks/bapa/arith/cvc5_mapa/fol_0000025.smt2,SAT,0.012
bapa/arith/fol_0000026.smt2,sat,0.402628183,benchmarks/bapa/arith/cvc5_mapa/fol_0000026.smt2,sat,0.012441635,bapa/arith/fol_0000026.smt2,sat,0.428715467,bapa/arith/fol_0000026.smt2,sat,0.212571144,/home/mudathir/all/sls-reachability/benchmarks/bapa/arith/cvc5_mapa/fol_0000026.smt2,SAT,0.012
bapa/arith/fol_0000027.smt2,sat,0.29758811,benchmarks/bapa/arith/cvc5_mapa/fol_0000027.smt2,sat,0.01128149,bapa/arith/fol_0000027.smt2,sat,0.339987278,bapa/arith/fol_0000027.smt2,sat,0.203719616,/home/mudathir/all/sls-reachability/benchmarks/bapa/arith/cvc5_mapa/fol_0000027.smt2,SAT,0.013
bapa/arith/fol_0000028.smt2,unsat,0.433839321,benchmarks/bapa/arith/cvc5_mapa/fol_0000028.smt2,unsat,0.03825736,bapa/arith/fol_0000028.smt2,unsat,0.217752218,bapa/arith/fol_0000028.smt2,unsat,0.350995779,/home/mudathir/all/sls-reachability/benchmarks/bapa/arith/cvc5_mapa/fol_0000028.smt2,UNSAT,0.137
bapa/arith/fol_0000029.smt2,sat,0.221711397,benchmarks/bapa/arith/cvc5_mapa/fol_0000029.smt2,sat,0.018465757,bapa/arith/fol_0000029.smt2,sat,0.405561209,bapa/arith/fol_0000029.smt2,sat,0.277507544,/home/mudathir/all/sls-reachability/benchmarks/bapa/arith/cvc5_mapa/fol_0000029.smt2,SAT,0.015
bapa/arith/fol_0000030.smt2,unsat,0.153227568,benchmarks/bapa/arith/cvc5_mapa/fol_0000030.smt2,unsat,0.010426521,bapa/arith/fol_0000030.smt2,unsat,0.170825005,bapa/arith/fol_0000030.smt2,unsat,0.35166502,/home/mudathir/all/sls-reachability/benchmarks/bapa/arith/cvc5_mapa/fol_0000030.smt2,UNSAT,0.022
bapa/arith/fol_0000031.smt2,sat,0.29910326,benchmarks/bapa/arith/cvc5_mapa/fol_0000031.smt2,sat,0.010781527,bapa/arith/fol_0000031.smt2,sat,0.361584425,bapa/arith/fol_0000031.smt2,sat,0.213577509,/home/mudathir/all/sls-reachability/benchmarks/bapa/arith/cvc5_mapa/fol_0000031.smt2,SAT,0.011
bapa/arith/fol_0000032.smt2,unsat,0.156048059,benchmarks/bapa/arith/cvc5_mapa/fol_0000032.smt2,unsat,0.010917425,bapa/arith/fol_0000032.smt2,unsat,0.173403025,bapa/arith/fol_0000032.smt2,unsat,0.362262964,/home/mudathir/all/sls-reachability/benchmarks/bapa/arith/cvc5_mapa/fol_0000032.smt2,UNSAT,0.023
bapa/arith/fol_0000033.smt2,sat,0.295488834,benchmarks/bapa/arith/cvc5_mapa/fol_0000033.smt2,sat,0.013753653,bapa/arith/fol_0000033.smt2,sat,0.368618488,bapa/arith/fol_0000033.smt2,sat,0.213076591,/home/mudathir/all/sls-reachability/benchmarks/bapa/arith/cvc5_mapa/fol_0000033.smt2,SAT,0.012
bapa/arith/fol_0000034.smt2,unsat,0.150892019,benchmarks/bapa/arith/cvc5_mapa/fol_0000034.smt2,unsat,0.010674477,bapa/arith/fol_0000034.smt2,unsat,0.172229052,bapa/arith/fol_0000034.smt2,unsat,0.362877369,/home/mudathir/all/sls-reachability/benchmarks/bapa/arith/cvc5_mapa/fol_0000034.smt2,UNSAT,0.022
bapa/arith/fol_0000035.smt2,sat,0.300153255,benchmarks/bapa/arith/cvc5_mapa/fol_0000035.smt2,sat,0.012748718,bapa/arith/fol_0000035.smt2,sat,0.380515814,bapa/arith/fol_0000035.smt2,sat,0.222549915,/home/mudathir/all/sls-reachability/benchmarks/bapa/arith/cvc5_mapa/fol_0000035.smt2,SAT,0.013
bapa/arith/fol_0000036.smt2,sat,0.285773754,benchmarks/bapa/arith/cvc5_mapa/fol_0000036.smt2,sat,0.011905909,bapa/arith/fol_0000036.smt2,sat,0.341792822,bapa/arith/fol_0000036.smt2,sat,0.206335068,/home/mudathir/all/sls-reachability/benchmarks/bapa/arith/cvc5_mapa/fol_0000036.smt2,SAT,0.012
bapa/arith/fol_0000037.smt2,sat,0.293341637,benchmarks/bapa/arith/cvc5_mapa/fol_0000037.smt2,sat,0.012559175,bapa/arith/fol_0000037.smt2,sat,0.35462904,bapa/arith/fol_0000037.smt2,sat,0.213215351,/home/mudathir/all/sls-reachability/benchmarks/bapa/arith/cvc5_mapa/fol_0000037.smt2,SAT,0.012
bapa/arith/fol_0000038.smt2,unsat,0.168230534,benchmarks/bapa/arith/cvc5_mapa/fol_0000038.smt2,unsat,0.009615898,bapa/arith/fol_0000038.smt2,unsat,0.173708916,bapa/arith/fol_0000038.smt2,unsat,0.360578775,/home/mudathir/all/sls-reachability/benchmarks/bapa/arith/cvc5_mapa/fol_0000038.smt2,UNSAT,0.021
bapa/arith/fol_0000039.smt2,sat,0.287956715,benchmarks/bapa/arith/cvc5_mapa/fol_0000039.smt2,sat,0.012709141,bapa/arith/fol_0000039.smt2,sat,0.348492384,bapa/arith/fol_0000039.smt2,sat,0.210078001,/home/mudathir/all/sls-reachability/benchmarks/bapa/arith/cvc5_mapa/fol_0000039.smt2,SAT,0.011
bapa/arith/fol_0000040.smt2,unsat,0.155636787,benchmarks/bapa/arith/cvc5_mapa/fol_0000040.smt2,unsat,0.011268854,bapa/arith/fol_0000040.smt2,unsat,0.178357363,bapa/arith/fol_0000040.smt2,unsat,0.364012957,/home/mudathir/all/sls-reachability/benchmarks/bapa/arith/cvc5_mapa/fol_0000040.smt2,UNSAT,0.022
bapa/arith/fol_0000041.smt2,sat,0.294837236,benchmarks/bapa/arith/cvc5_mapa/fol_0000041.smt2,sat,0.012781382,bapa/arith/fol_0000041.smt2,sat,0.369732618,bapa/arith/fol_0000041.smt2,sat,0.201135635,/home/mudathir/all/sls-reachability/benchmarks/bapa/arith/cvc5_mapa/fol_0000041.smt2,SAT,0.011
bapa/arith/fol_0000042.smt2,sat,0.299346685,benchmarks/bapa/arith/cvc5_mapa/fol_0000042.smt2,sat,0.010330439,bapa/arith/fol_0000042.smt2,sat,0.343509674,bapa/arith/fol_0000042.smt2,sat,0.189599276,/home/mudathir/all/sls-reachability/benchmarks/bapa/arith/cvc5_mapa/fol_0000042.smt2,SAT,0.012
bapa/arith/fol_0000043.smt2,sat,0.214483738,benchmarks/bapa/arith/cvc5_mapa/fol_0000043.smt2,sat,0.013598919,bapa/arith/fol_0000043.smt2,sat,0.283108234,bapa/arith/fol_0000043.smt2,sat,0.231384754,/home/mudathir/all/sls-reachability/benchmarks/bapa/arith/cvc5_mapa/fol_0000043.smt2,SAT,0.012
bapa/arith/fol_0000044.smt2,sat,0.301258087,benchmarks/bapa/arith/cvc5_mapa/fol_0000044.smt2,sat,0.011958599,bapa/arith/fol_0000044.smt2,sat,0.356312037,bapa/arith/fol_0000044.smt2,sat,0.195414305,/home/mudathir/all/sls-reachability/benchmarks/bapa/arith/cvc5_mapa/fol_0000044.smt2,SAT,0.012
bapa/arith/fol_0000045.smt2,unsat,4.047235489,benchmarks/bapa/arith/cvc5_mapa/fol_0000045.smt2,unsat,0.038336515,bapa/arith/fol_0000045.smt2,unsat,0.238358021,bapa/arith/fol_0000045.smt2,unsat,0.330383778,/home/mudathir/all/sls-reachability/benchmarks/bapa/arith/cvc5_mapa/fol_0000045.smt2,UNSAT,0.11
bapa/arith/fol_0000046.smt2,sat,0.241448164,benchmarks/bapa/arith/cvc5_mapa/fol_0000046.smt2,sat,0.01864624,bapa/arith/fol_0000046.smt2,sat,0.284361124,bapa/arith/fol_0000046.smt2,sat,0.247641802,/home/mudathir/all/sls-reachability/benchmarks/bapa/arith/cvc5_mapa/fol_0000046.smt2,SAT,0.014
bapa/arith/fol_0000047.smt2,unsat,0.476460934,benchmarks/bapa/arith/cvc5_mapa/fol_0000047.smt2,unsat,0.040106297,bapa/arith/fol_0000047.smt2,unsat,0.248365641,bapa/arith/fol_0000047.smt2,unsat,0.347085238,/home/mudathir/all/sls-reachability/benchmarks/bapa/arith/cvc5_mapa/fol_0000047.smt2,UNSAT,0.118
bapa/arith/fol_0000048.smt2,sat,0.421058893,benchmarks/bapa/arith/cvc5_mapa/fol_0000048.smt2,sat,0.019812107,bapa/arith/fol_0000048.smt2,sat,0.408489227,bapa/arith/fol_0000048.smt2,sat,0.254879475,/home/mudathir/all/sls-reachability/benchmarks/bapa/arith/cvc5_mapa/fol_0000048.smt2,SAT,0.012
bapa/arith/fol_0000049.smt2,sat,0.439365864,benchmarks/bapa/arith/cvc5_mapa/fol_0000049.smt2,sat,0.022224426,bapa/arith/fol_0000049.smt2,sat,0.215709686,bapa/arith/fol_0000049.smt2,sat,0.267008781,/home/mudathir/all/sls-reachability/benchmarks/bapa/arith/cvc5_mapa/fol_0000049.smt2,SAT,0.014
bapa/arith/fol_0000050.smt2,sat,0.137499094,benchmarks/bapa/arith/cvc5_mapa/fol_0000050.smt2,sat,0.017246723,bapa/arith/fol_0000050.smt2,sat,0.13468647,bapa/arith/fol_0000050.smt2,sat,0.130121231,/home/mudathir/all/sls-reachability/benchmarks/bapa/arith/cvc5_mapa/fol_0000050.smt2,SAT,0.014
bapa/arith/fol_0000051.smt2,sat,0.312210321,benchmarks/bapa/arith/cvc5_mapa/fol_0000051.smt2,sat,0.01616931,bapa/arith/fol_0000051.smt2,sat,0.487495899,bapa/arith/fol_0000051.smt2,sat,0.258080721,/home/mudathir/all/sls-reachability/benchmarks/bapa/arith/cvc5_mapa/fol_0000051.smt2,SAT,0.014
bapa/arith/fol_0000052.smt2,sat,0.187070131,benchmarks/bapa/arith/cvc5_mapa/fol_0000052.smt2,sat,0.020399094,bapa/arith/fol_0000052.smt2,sat,0.399971247,bapa/arith/fol_0000052.smt2,sat,0.260539293,/home/mudathir/all/sls-reachability/benchmarks/bapa/arith/cvc5_mapa/fol_0000052.smt2,SAT,0.011
bapa/arith/fol_0000053.smt2,sat,0.393288612,benchmarks/bapa/arith/cvc5_mapa/fol_0000053.smt2,sat,0.020820856,bapa/arith/fol_0000053.smt2,sat,0.409871578,bapa/arith/fol_0000053.smt2,sat,0.29468441,/home/mudathir/all/sls-reachability/benchmarks/bapa/arith/cvc5_mapa/fol_0000053.smt2,SAT,0.012
bapa/arith/fol_0000054.smt2,sat,0.4038167,benchmarks/bapa/arith/cvc5_mapa/fol_0000054.smt2,sat,0.019674063,bapa/arith/fol_0000054.smt2,sat,0.509564161,bapa/arith/fol_0000054.smt2,sat,0.276138067,/home/mudathir/all/sls-reachability/benchmarks/bapa/arith/cvc5_mapa/fol_0000054.smt2,SAT,0.013
bapa/arith/fol_0000055.smt2,unsat,0.163058996,benchmarks/bapa/arith/cvc5_mapa/fol_0000055.smt2,unsat,0.012516737,bapa/arith/fol_0000055.smt2,unsat,0.179372787,bapa/arith/fol_0000055.smt2,unsat,0.372318506,/home/mudathir/all/sls-reachability/benchmarks/bapa/arith/cvc5_mapa/fol_0000055.smt2,UNSAT,0.042
bapa/arith/fol_0000056.smt2,sat,0.433022261,benchmarks/bapa/arith/cvc5_mapa/fol_0000056.smt2,sat,0.015625954,bapa/arith/fol_0000056.smt2,sat,0.483642817,bapa/arith/fol_0000056.smt2,sat,0.225832462,/home/mudathir/all/sls-reachability/benchmarks/bapa/arith/cvc5_mapa/fol_0000056.smt2,SAT,0.012
bapa/arith/fol_0000057.smt2,sat,0.223283052,benchmarks/bapa/arith/cvc5_mapa/fol_0000057.smt2,sat,0.015070677,bapa/arith/fol_0000057.smt2,sat,0.405747175,bapa/arith/fol_0000057.smt2,sat,0.262144804,/home/mudathir/all/sls-reachability/benchmarks/bapa/arith/cvc5_mapa/fol_0000057.smt2,SAT,0.013
bapa/arith/fol_0000058.smt2,unsat,0.444403887,benchmarks/bapa/arith/cvc5_mapa/fol_0000058.smt2,unsat,0.042109013,bapa/arith/fol_0000058.smt2,unsat,0.225355625,bapa/arith/fol_0000058.smt2,unsat,0.351138353,/home/mudathir/all/sls-reachability/benchmarks/bapa/arith/cvc5_mapa/fol_0000058.smt2,UNSAT,0.111
bapa/arith/fol_0000059.smt2,unsat,0.143143177,benchmarks/bapa/arith/cvc5_mapa/fol_0000059.smt2,unsat,0.011226177,bapa/arith/fol_0000059.smt2,unsat,0.173844337,bapa/arith/fol_0000059.smt2,unsat,0.357889652,/home/mudathir/all/sls-reachability/benchmarks/bapa/arith/cvc5_mapa/fol_0000059.smt2,UNSAT,0.023
bapa/arith/fol_0000060.smt2,unsat,0.353300333,benchmarks/bapa/arith/cvc5_mapa/fol_0000060.smt2,unsat,0.038882017,bapa/arith/fol_0000060.smt2,unsat,0.247834682,bapa/arith/fol_0000060.smt2,unsat,1.455713987,/home/mudathir/all/sls-reachability/benchmarks/bapa/arith/cvc5_mapa/fol_0000060.smt2,UNSAT,0.111
bapa/arith/fol_0000061.smt2,unsat,2.110609055,benchmarks/bapa/arith/cvc5_mapa/fol_0000061.smt2,unsat,0.036804199,bapa/arith/fol_0000061.smt2,unsat,1.244450092,bapa/arith/fol_0000061.smt2,unsat,0.356975317,/home/mudathir/all/sls-reachability/benchmarks/bapa/arith/cvc5_mapa/fol_0000061.smt2,UNSAT,0.116
bapa/arith/fol_0000062.smt2,sat,0.239600658,benchmarks/bapa/arith/cvc5_mapa/fol_0000062.smt2,sat,0.017837048,bapa/arith/fol_0000062.smt2,sat,0.413488865,bapa/arith/fol_0000062.smt2,sat,0.268732548,/home/mudathir/all/sls-reachability/benchmarks/bapa/arith/cvc5_mapa/fol_0000062.smt2,SAT,0.014
bapa/arith/fol_0000063.smt2,unsat,0.477570295,benchmarks/bapa/arith/cvc5_mapa/fol_0000063.smt2,unsat,0.035986185,bapa/arith/fol_0000063.smt2,unsat,0.248849869,bapa/arith/fol_0000063.smt2,unsat,0.354581356,/home/mudathir/all/sls-reachability/benchmarks/bapa/arith/cvc5_mapa/fol_0000063.smt2,UNSAT,0.181
bapa/arith/fol_0000064.smt2,unsat,0.153853655,benchmarks/bapa/arith/cvc5_mapa/fol_0000064.smt2,unsat,0.01117897,bapa/arith/fol_0000064.smt2,unsat,0.169940472,bapa/arith/fol_0000064.smt2,unsat,0.373728037,/home/mudathir/all/sls-reachability/benchmarks/bapa/arith/cvc5_mapa/fol_0000064.smt2,UNSAT,0.035
bapa/arith/fol_0000065.smt2,unsat,0.474838018,benchmarks/bapa/arith/cvc5_mapa/fol_0000065.smt2,unsat,0.039857388,bapa/arith/fol_0000065.smt2,unsat,0.252476931,bapa/arith/fol_0000065.smt2,unsat,0.362120867,/home/mudathir/all/sls-reachability/benchmarks/bapa/arith/cvc5_mapa/fol_0000065.smt2,UNSAT,0.111
bapa/arith/fol_0000066.smt2,unsat,0.484545708,benchmarks/bapa/arith/cvc5_mapa/fol_0000066.smt2,unsat,0.043352604,bapa/arith/fol_0000066.smt2,unsat,0.256553173,bapa/arith/fol_0000066.smt2,unsat,0.373402357,/home/mudathir/all/sls-reachability/benchmarks/bapa/arith/cvc5_mapa/fol_0000066.smt2,UNSAT,0.118
bapa/arith/fol_0000067.smt2,unsat,0.48368907,benchmarks/bapa/arith/cvc5_mapa/fol_0000067.smt2,unsat,0.038386583,bapa/arith/fol_0000067.smt2,unsat,0.267602921,bapa/arith/fol_0000067.smt2,unsat,0.351698875,/home/mudathir/all/sls-reachability/benchmarks/bapa/arith/cvc5_mapa/fol_0000067.smt2,UNSAT,0.104
bapa/arith/fol_0000068.smt2,unsat,0.483359098,benchmarks/bapa/arith/cvc5_mapa/fol_0000068.smt2,unsat,0.791043758,bapa/arith/fol_0000068.smt2,unsat,0.275084496,bapa/arith/fol_0000068.smt2,unsat,0.345197916,/home/mudathir/all/sls-reachability/benchmarks/bapa/arith/cvc5_mapa/fol_0000068.smt2,UNSAT,0.1
bapa/arith/fol_0000069.smt2,sat,0.249996901,benchmarks/bapa/arith/cvc5_mapa/fol_0000069.smt2,sat,0.015855074,bapa/arith/fol_0000069.smt2,sat,0.426779509,bapa/arith/fol_0000069.smt2,sat,0.257504225,/home/mudathir/all/sls-reachability/benchmarks/bapa/arith/cvc5_mapa/fol_0000069.smt2,SAT,0.013
bapa/arith/fol_0000070.smt2,unsat,0.311168671,benchmarks/bapa/arith/cvc5_mapa/fol_0000070.smt2,unsat,0.038924456,bapa/arith/fol_0000070.smt2,unsat,0.248373508,bapa/arith/fol_0000070.smt2,unsat,0.341373444,/home/mudathir/all/sls-reachability/benchmarks/bapa/arith/cvc5_mapa/fol_0000070.smt2,UNSAT,0.103
bapa/arith/fol_0000071.smt2,sat,0.186611652,benchmarks/bapa/arith/cvc5_mapa/fol_0000071.smt2,sat,0.015651464,bapa/arith/fol_0000071.smt2,sat,0.223757267,bapa/arith/fol_0000071.smt2,sat,0.255224705,/home/mudathir/all/sls-reachability/benchmarks/bapa/arith/cvc5_mapa/fol_0000071.smt2,SAT,0.013
bapa/arith/fol_0000072.smt2,sat,0.412837029,benchmarks/bapa/arith/cvc5_mapa/fol_0000072.smt2,sat,0.019203901,bapa/arith/fol_0000072.smt2,sat,0.207040548,bapa/arith/fol_0000072.smt2,sat,0.254736423,/home/mudathir/all/sls-reachability/benchmarks/bapa/arith/cvc5_mapa/fol_0000072.smt2,SAT,0.012
bapa/arith/fol_0000073.smt2,sat,0.142560244,benchmarks/bapa/arith/cvc5_mapa/fol_0000073.smt2,sat,0.016374826,bapa/arith/fol_0000073.smt2,sat,0.12955761,bapa/arith/fol_0000073.smt2,sat,0.130492926,/home/mudathir/all/sls-reachability/benchmarks/bapa/arith/cvc5_mapa/fol_0000073.smt2,SAT,0.015
bapa/arith/fol_0000074.smt2,sat,0.316891432,benchmarks/bapa/arith/cvc5_mapa/fol_0000074.smt2,sat,0.023632526,bapa/arith/fol_0000074.smt2,sat,0.209335327,bapa/arith/fol_0000074.smt2,sat,0.261556625,/home/mudathir/all/sls-reachability/benchmarks/bapa/arith/cvc5_mapa/fol_0000074.smt2,SAT,0.013
bapa/arith/fol_0000075.smt2,sat,0.174988985,benchmarks/bapa/arith/cvc5_mapa/fol_0000075.smt2,sat,0.017077208,bapa/arith/fol_0000075.smt2,sat,0.200711966,bapa/arith/fol_0000075.smt2,sat,0.244477749,/home/mudathir/all/sls-reachability/benchmarks/bapa/arith/cvc5_mapa/fol_0000075.smt2,SAT,0.012
bapa/arith/fol_0000076.smt2,sat,0.439435244,benchmarks/bapa/arith/cvc5_mapa/fol_0000076.smt2,sat,0.021989107,bapa/arith/fol_0000076.smt2,sat,0.515174389,bapa/arith/fol_0000076.smt2,sat,0.2555089,/home/mudathir/all/sls-reachability/benchmarks/bapa/arith/cvc5_mapa/fol_0000076.smt2,SAT,0.01
bapa/arith/fol_0000077.smt2,sat,0.186956167,benchmarks/bapa/arith/cvc5_mapa/fol_0000077.smt2,sat,0.018845797,bapa/arith/fol_0000077.smt2,sat,0.510673523,bapa/arith/fol_0000077.smt2,sat,0.256411314,/home/mudathir/all/sls-reachability/benchmarks/bapa/arith/cvc5_mapa/fol_0000077.smt2,SAT,0.011
bapa/arith/fol_0000078.smt2,unsat,0.175148964,benchmarks/bapa/arith/cvc5_mapa/fol_0000078.smt2,unsat,0.013098001,bapa/arith/fol_0000078.smt2,unsat,0.172477722,bapa/arith/fol_0000078.smt2,unsat,0.35319066,/home/mudathir/all/sls-reachability/benchmarks/bapa/arith/cvc5_mapa/fol_0000078.smt2,UNSAT,0.02
bapa/arith/fol_0000079.smt2,sat,0.329206467,benchmarks/bapa/arith/cvc5_mapa/fol_0000079.smt2,sat,0.020214796,bapa/arith/fol_0000079.smt2,sat,0.461680412,bapa/arith/fol_0000079.smt2,sat,0.213158369,/home/mudathir/all/sls-reachability/benchmarks/bapa/arith/cvc5_mapa/fol_0000079.smt2,SAT,0.012
bapa/arith/fol_0000080.smt2,sat,0.320973396,benchmarks/bapa/arith/cvc5_mapa/fol_0000080.smt2,sat,0.015240908,bapa/arith/fol_0000080.smt2,sat,0.454772234,bapa/arith/fol_0000080.smt2,sat,0.199730396,/home/mudathir/all/sls-reachability/benchmarks/bapa/arith/cvc5_mapa/fol_0000080.smt2,SAT,0.009
bapa/arith/fol_0000081.smt2,unsat,0.153393507,benchmarks/bapa/arith/cvc5_mapa/fol_0000081.smt2,unsat,0.011086226,bapa/arith/fol_0000081.smt2,unsat,0.166666508,bapa/arith/fol_0000081.smt2,unsat,0.369959116,/home/mudathir/all/sls-reachability/benchmarks/bapa/arith/cvc5_mapa/fol_0000081.smt2,UNSAT,0.017
bapa/arith/fol_0000082.smt2,sat,0.325311899,benchmarks/bapa/arith/cvc5_mapa/fol_0000082.smt2,sat,0.014525652,bapa/arith/fol_0000082.smt2,sat,0.477213621,bapa/arith/fol_0000082.smt2,sat,0.220457554,/home/mudathir/all/sls-reachability/benchmarks/bapa/arith/cvc5_mapa/fol_0000082.smt2,SAT,0.008
bapa/arith/fol_0000083.smt2,unsat,0.168785572,benchmarks/bapa/arith/cvc5_mapa/fol_0000083.smt2,unsat,0.010178566,bapa/arith/fol_0000083.smt2,unsat,0.173211098,bapa/arith/fol_0000083.smt2,unsat,0.358680964,/home/mudathir/all/sls-reachability/benchmarks/bapa/arith/cvc5_mapa/fol_0000083.smt2,UNSAT,0.037
bapa/arith/fol_0000084.smt2,sat,0.234989405,benchmarks/bapa/arith/cvc5_mapa/fol_0000084.smt2,sat,0.014402866,bapa/arith/fol_0000084.smt2,sat,0.532892466,bapa/arith/fol_0000084.smt2,sat,0.275095701,/home/mudathir/all/sls-reachability/benchmarks/bapa/arith/cvc5_mapa/fol_0000084.smt2,SAT,0.013
bapa/arith/fol_0000085.smt2,unsat,0.437607765,benchmarks/bapa/arith/cvc5_mapa/fol_0000085.smt2,unsat,0.038770199,bapa/arith/fol_0000085.smt2,unsat,0.267027855,bapa/arith/fol_0000085.smt2,unsat,0.360447168,/home/mudathir/all/sls-reachability/benchmarks/bapa/arith/cvc5_mapa/fol_0000085.smt2,UNSAT,0.107
bapa/arith/fol_0000086.smt2,unsat,0.461601496,benchmarks/bapa/arith/cvc5_mapa/fol_0000086.smt2,unsat,0.037492514,bapa/arith/fol_0000086.smt2,unsat,0.263114929,bapa/arith/fol_0000086.smt2,unsat,0.292155981,/home/mudathir/all/sls-reachability/benchmarks/bapa/arith/cvc5_mapa/fol_0000086.smt2,UNSAT,0.101
bapa/arith/fol_0000087.smt2,unsat,0.16346097,benchmarks/bapa/arith/cvc5_mapa/fol_0000087.smt2,unsat,0.011476994,bapa/arith/fol_0000087.smt2,unsat,0.180243254,bapa/arith/fol_0000087.smt2,unsat,0.367132187,/home/mudathir/all/sls-reachability/benchmarks/bapa/arith/cvc5_mapa/fol_0000087.smt2,UNSAT,0.019
bapa/arith/fol_0000088.smt2,unsat,0.272383213,benchmarks/bapa/arith/cvc5_mapa/fol_0000088.smt2,unsat,0.037819386,bapa/arith/fol_0000088.smt2,unsat,0.269330978,bapa/arith/fol_0000088.smt2,unsat,0.359256029,/home/mudathir/all/sls-reachability/benchmarks/bapa/arith/cvc5_mapa/fol_0000088.smt2,UNSAT,0.099
bapa/arith/fol_0000089.smt2,unsat,0.28525877,benchmarks/bapa/arith/cvc5_mapa/fol_0000089.smt2,unsat,0.039062977,bapa/arith/fol_0000089.smt2,unsat,0.259898901,bapa/arith/fol_0000089.smt2,unsat,0.362135887,/home/mudathir/all/sls-reachability/benchmarks/bapa/arith/cvc5_mapa/fol_0000089.smt2,UNSAT,0.105
bapa/arith/fol_0000090.smt2,sat,0.309170246,benchmarks/bapa/arith/cvc5_mapa/fol_0000090.smt2,sat,0.012408495,bapa/arith/fol_0000090.smt2,sat,0.358083248,bapa/arith/fol_0000090.smt2,sat,0.209189415,/home/mudathir/all/sls-reachability/benchmarks/bapa/arith/cvc5_mapa/fol_0000090.smt2,SAT,0.011
bapa/arith/fol_0000091.smt2,unsat,0.158828974,benchmarks/bapa/arith/cvc5_mapa/fol_0000091.smt2,unsat,0.010545969,bapa/arith/fol_0000091.smt2,unsat,0.173787594,bapa/arith/fol_0000091.smt2,unsat,0.363368988,/home/mudathir/all/sls-reachability/benchmarks/bapa/arith/cvc5_mapa/fol_0000091.smt2,UNSAT,0.027
bapa/arith/fol_0000092.smt2,unsat,0.16163063,benchmarks/bapa/arith/cvc5_mapa/fol_0000092.smt2,unsat,0.010330439,bapa/arith/fol_0000092.smt2,unsat,0.182297945,bapa/arith/fol_0000092.smt2,unsat,0.368582249,/home/mudathir/all/sls-reachability/benchmarks/bapa/arith/cvc5_mapa/fol_0000092.smt2,UNSAT,0.038
bapa/arith/fol_0000093.smt2,unsat,0.16138792,benchmarks/bapa/arith/cvc5_mapa/fol_0000093.smt2,unsat,0.012368917,bapa/arith/fol_0000093.smt2,unsat,0.179585934,bapa/arith/fol_0000093.smt2,unsat,0.375560045,/home/mudathir/all/sls-reachability/benchmarks/bapa/arith/cvc5_mapa/fol_0000093.smt2,UNSAT,0.036
bapa/arith/fol_0000094.smt2,unsat,0.456709385,benchmarks/bapa/arith/cvc5_mapa/fol_0000094.smt2,unsat,0.039772511,bapa/arith/fol_0000094.smt2,unsat,0.265763521,bapa/arith/fol_0000094.smt2,unsat,0.36041522,/home/mudathir/all/sls-reachability/benchmarks/bapa/arith/cvc5_mapa/fol_0000094.smt2,UNSAT,0.094
bapa/arith/fol_0000095.smt2,unsat,0.280497789,benchmarks/bapa/arith/cvc5_mapa/fol_0000095.smt2,unsat,0.04006052,bapa/arith/fol_0000095.smt2,unsat,0.255434036,bapa/arith/fol_0000095.smt2,unsat,0.343849421,/home/mudathir/all/sls-reachability/benchmarks/bapa/arith/cvc5_mapa/fol_0000095.smt2,UNSAT,0.103
bapa/arith/fol_0000096.smt2,sat,0.222700596,benchmarks/bapa/arith/cvc5_mapa/fol_0000096.smt2,sat,0.013827562,bapa/arith/fol_0000096.smt2,sat,0.528202057,bapa/arith/fol_0000096.smt2,sat,0.243084192,/home/mudathir/all/sls-reachability/benchmarks/bapa/arith/cvc5_mapa/fol_0000096.smt2,SAT,0.012
bapa/arith/fol_0000097.smt2,unsat,0.447142839,benchmarks/bapa/arith/cvc5_mapa/fol_0000097.smt2,unsat,0.039634943,bapa/arith/fol_0000097.smt2,unsat,0.257928133,bapa/arith/fol_0000097.smt2,unsat,0.339339018,/home/mudathir/all/sls-reachability/benchmarks/bapa/arith/cvc5_mapa/fol_0000097.smt2,UNSAT,0.098
bapa/arith/fol_0000098.smt2,unsat,0.481195688,benchmarks/bapa/arith/cvc5_mapa/fol_0000098.smt2,unsat,0.038202763,bapa/arith/fol_0000098.smt2,unsat,0.252087593,bapa/arith/fol_0000098.smt2,unsat,0.3401618,/home/mudathir/all/sls-reachability/benchmarks/bapa/arith/cvc5_mapa/fol_0000098.smt2,UNSAT,0.1
bapa/arith/fol_0000099.smt2,sat,0.31131053,benchmarks/bapa/arith/cvc5_mapa/fol_0000099.smt2,sat,0.014670372,bapa/arith/fol_0000099.smt2,sat,0.218355894,bapa/arith/fol_0000099.smt2,sat,0.259839296,/home/mudathir/all/sls-reachability/benchmarks/bapa/arith/cvc5_mapa/fol_0000099.smt2,SAT,0.012
bapa/arith/fol_0000100.smt2,sat,0.186290979,benchmarks/bapa/arith/cvc5_mapa/fol_0000100.smt2,sat,0.01977396,bapa/arith/fol_0000100.smt2,sat,0.50967598,bapa/arith/fol_0000100.smt2,sat,0.262351513,/home/mudathir/all/sls-reachability/benchmarks/bapa/arith/cvc5_mapa/fol_0000100.smt2,SAT,0.013
bapa/arith/fol_0000101.smt2,sat,0.133745193,benchmarks/bapa/arith/cvc5_mapa/fol_0000101.smt2,sat,0.015486002,bapa/arith/fol_0000101.smt2,sat,0.133761168,bapa/arith/fol_0000101.smt2,sat,0.135501862,/home/mudathir/all/sls-reachability/benchmarks/bapa/arith/cvc5_mapa/fol_0000101.smt2,SAT,0.014
bapa/arith/fol_0000102.smt2,sat,0.31361413,benchmarks/bapa/arith/cvc5_mapa/fol_0000102.smt2,sat,0.014913797,bapa/arith/fol_0000102.smt2,sat,0.515423775,bapa/arith/fol_0000102.smt2,sat,0.262904406,/home/mudathir/all/sls-reachability/benchmarks/bapa/arith/cvc5_mapa/fol_0000102.smt2,SAT,0.012
bapa/arith/fol_0000103.smt2,sat,0.179777861,benchmarks/bapa/arith/cvc5_mapa/fol_0000103.smt2,sat,0.020857334,bapa/arith/fol_0000103.smt2,sat,0.498588562,bapa/arith/fol_0000103.smt2,sat,0.254283905,/home/mudathir/all/sls-reachability/benchmarks/bapa/arith/cvc5_mapa/fol_0000103.smt2,SAT,0.012
bapa/arith/fol_0000104.smt2,sat,0.395292997,benchmarks/bapa/arith/cvc5_mapa/fol_0000104.smt2,sat,0.021323204,bapa/arith/fol_0000104.smt2,sat,0.397130728,bapa/arith/fol_0000104.smt2,sat,0.268048525,/home/mudathir/all/sls-reachability/benchmarks/bapa/arith/cvc5_mapa/fol_0000104.smt2,SAT,0.013
bapa/arith/fol_0000105.smt2,sat,0.180557251,benchmarks/bapa/arith/cvc5_mapa/fol_0000105.smt2,sat,0.021946669,bapa/arith/fol_0000105.smt2,sat,0.214832783,bapa/arith/fol_0000105.smt2,sat,0.26036191,/home/mudathir/all/sls-reachability/benchmarks/bapa/arith/cvc5_mapa/fol_0000105.smt2,SAT,0.013
bapa/arith/fol_0000106.smt2,sat,0.182405472,benchmarks/bapa/arith/cvc5_mapa/fol_0000106.smt2,sat,0.019601107,bapa/arith/fol_0000106.smt2,sat,0.395475864,bapa/arith/fol_0000106.smt2,sat,0.265722036,/home/mudathir/all/sls-reachability/benchmarks/bapa/arith/cvc5_mapa/fol_0000106.smt2,SAT,0.011
bapa/arith/fol_0000107.smt2,unsat,0.165134668,benchmarks/bapa/arith/cvc5_mapa/fol_0000107.smt2,unsat,0.011844873,bapa/arith/fol_0000107.smt2,unsat,0.169154406,bapa/arith/fol_0000107.smt2,unsat,0.382766724,/home/mudathir/all/sls-reachability/benchmarks/bapa/arith/cvc5_mapa/fol_0000107.smt2,UNSAT,0.021
bapa/arith/fol_0000108.smt2,sat,0.320556879,benchmarks/bapa/arith/cvc5_mapa/fol_0000108.smt2,sat,0.017991781,bapa/arith/fol_0000108.smt2,sat,0.389794588,bapa/arith/fol_0000108.smt2,sat,0.223977089,/home/mudathir/all/sls-reachability/benchmarks/bapa/arith/cvc5_mapa/fol_0000108.smt2,SAT,0.012
bapa/arith/fol_0000109.smt2,sat,0.231084824,benchmarks/bapa/arith/cvc5_mapa/fol_0000109.smt2,sat,0.018886089,bapa/arith/fol_0000109.smt2,sat,0.536567211,bapa/arith/fol_0000109.smt2,sat,0.26975131,/home/mudathir/all/sls-reachability/benchmarks/bapa/arith/cvc5_mapa/fol_0000109.smt2,SAT,0.014
bapa/arith/fol_0000110.smt2,unsat,3.921538591,benchmarks/bapa/arith/cvc5_mapa/fol_0000110.smt2,unsat,0.037363768,bapa/arith/fol_0000110.smt2,unsat,0.246403694,bapa/arith/fol_0000110.smt2,unsat,0.367555618,/home/mudathir/all/sls-reachability/benchmarks/bapa/arith/cvc5_mapa/fol_0000110.smt2,UNSAT,0.1
bapa/arith/fol_0000111.smt2,unsat,0.159286737,benchmarks/bapa/arith/cvc5_mapa/fol_0000111.smt2,unsat,0.011721611,bapa/arith/fol_0000111.smt2,unsat,0.176566839,bapa/arith/fol_0000111.smt2,unsat,0.372775555,/home/mudathir/all/sls-reachability/benchmarks/bapa/arith/cvc5_mapa/fol_0000111.smt2,UNSAT,0.035
bapa/arith/fol_0000112.smt2,unsat,0.326863289,benchmarks/bapa/arith/cvc5_mapa/fol_0000112.smt2,unsat,0.036829948,bapa/arith/fol_0000112.smt2,unsat,0.249300241,bapa/arith/fol_0000112.smt2,unsat,0.29082346,/home/mudathir/all/sls-reachability/benchmarks/bapa/arith/cvc5_mapa/fol_0000112.smt2,UNSAT,0.213
bapa/arith/fol_0000113.smt2,sat,0.308773518,benchmarks/bapa/arith/cvc5_mapa/fol_0000113.smt2,sat,0.013432503,bapa/arith/fol_0000113.smt2,sat,0.384971142,bapa/arith/fol_0000113.smt2,sat,0.225405216,/home/mudathir/all/sls-reachability/benchmarks/bapa/arith/cvc5_mapa/fol_0000113.smt2,SAT,0.012
bapa/arith/fol_0000114.smt2,unsat,0.156377792,benchmarks/bapa/arith/cvc5_mapa/fol_0000114.smt2,unsat,0.010916233,bapa/arith/fol_0000114.smt2,unsat,0.17991972,bapa/arith/fol_0000114.smt2,unsat,0.379686832,/home/mudathir/all/sls-reachability/benchmarks/bapa/arith/cvc5_mapa/fol_0000114.smt2,UNSAT,0.02
bapa/arith/fol_0000115.smt2,unsat,0.149849892,benchmarks/bapa/arith/cvc5_mapa/fol_0000115.smt2,unsat,0.009613752,bapa/arith/fol_0000115.smt2,unsat,0.172433138,bapa/arith/fol_0000115.smt2,unsat,0.363081694,/home/mudathir/all/sls-reachability/benchmarks/bapa/arith/cvc5_mapa/fol_0000115.smt2,UNSAT,0.02
bapa/arith/fol_0000116.smt2,unsat,0.156991482,benchmarks/bapa/arith/cvc5_mapa/fol_0000116.smt2,unsat,0.01166749,bapa/arith/fol_0000116.smt2,unsat,0.182102919,bapa/arith/fol_0000116.smt2,unsat,0.373269081,/home/mudathir/all/sls-reachability/benchmarks/bapa/arith/cvc5_mapa/fol_0000116.smt2,UNSAT,0.02
bapa/arith/fol_0000117.smt2,sat,0.400486231,benchmarks/bapa/arith/cvc5_mapa/fol_0000117.smt2,sat,0.012051344,bapa/arith/fol_0000117.smt2,sat,0.3779037,bapa/arith/fol_0000117.smt2,sat,0.271892786,/home/mudathir/all/sls-reachability/benchmarks/bapa/arith/cvc5_mapa/fol_0000117.smt2,SAT,0.011
bapa/arith/fol_0000118.smt2,sat,0.217529535,benchmarks/bapa/arith/cvc5_mapa/fol_0000118.smt2,sat,0.013709307,bapa/arith/fol_0000118.smt2,sat,0.404802084,bapa/arith/fol_0000118.smt2,sat,0.26606822,/home/mudathir/all/sls-reachability/benchmarks/bapa/arith/cvc5_mapa/fol_0000118.smt2,SAT,0.013
bapa/arith/fol_0000119.smt2,unsat,0.267045975,benchmarks/bapa/arith/cvc5_mapa/fol_0000119.smt2,unsat,0.038934708,bapa/arith/fol_0000119.smt2,unsat,0.24865675,bapa/arith/fol_0000119.smt2,unsat,0.285689116,/home/mudathir/all/sls-reachability/benchmarks/bapa/arith/cvc5_mapa/fol_0000119.smt2,UNSAT,0.094
bapa/arith/fol_0000120.smt2,unsat,0.146548271,benchmarks/bapa/arith/cvc5_mapa/fol_0000120.smt2,unsat,0.011002541,bapa/arith/fol_0000120.smt2,unsat,0.175627708,bapa/arith/fol_0000120.smt2,unsat,0.36043787,/home/mudathir/all/sls-reachability/benchmarks/bapa/arith/cvc5_mapa/fol_0000120.smt2,UNSAT,0.018
bapa/card/fol_0000001.smt2,sat,0.283255816,benchmarks/bapa/card/cvc5_mapa/fol_0000001.smt2,sat,0.010156393,bapa/card/fol_0000001.smt2 ,sat,0.348142385,bapa/card/fol_0000001.smt2,sat,0.204532385,/home/mudathir/all/sls-reachability/benchmarks/bapa/card/cvc5_mapa/fol_0000001.smt2,SAT,0.011
bapa/card/fol_0000002.smt2,sat,0.279324293,benchmarks/bapa/card/cvc5_mapa/fol_0000002.smt2,sat,0.010899782,bapa/card/fol_0000002.smt2 ,sat,0.457710743,bapa/card/fol_0000002.smt2,sat,0.201753855,/home/mudathir/all/sls-reachability/benchmarks/bapa/card/cvc5_mapa/fol_0000002.smt2,SAT,0.011
bapa/card/fol_0000003.smt2,sat,0.281014204,benchmarks/bapa/card/cvc5_mapa/fol_0000003.smt2,sat,0.011002541,bapa/card/fol_0000003.smt2 ,sat,0.365167618,bapa/card/fol_0000003.smt2,sat,0.20152545,/home/mudathir/all/sls-reachability/benchmarks/bapa/card/cvc5_mapa/fol_0000003.smt2,SAT,0.011
bapa/card/fol_0000004.smt2,sat,0.286376476,benchmarks/bapa/card/cvc5_mapa/fol_0000004.smt2,sat,0.013601303,bapa/card/fol_0000004.smt2 ,sat,0.353904963,bapa/card/fol_0000004.smt2,sat,0.200748205,/home/mudathir/all/sls-reachability/benchmarks/bapa/card/cvc5_mapa/fol_0000004.smt2,SAT,0.01
bapa/card/fol_0000005.smt2,sat,0.292086124,benchmarks/bapa/card/cvc5_mapa/fol_0000005.smt2,sat,0.010934114,bapa/card/fol_0000005.smt2 ,sat,0.322183609,bapa/card/fol_0000005.smt2,sat,0.190559864,/home/mudathir/all/sls-reachability/benchmarks/bapa/card/cvc5_mapa/fol_0000005.smt2,SAT,0.011
bapa/card/fol_0000006.smt2,sat,0.300486326,benchmarks/bapa/card/cvc5_mapa/fol_0000006.smt2,sat,0.013300657,bapa/card/fol_0000006.smt2 ,sat,0.326276541,bapa/card/fol_0000006.smt2,sat,0.251196623,/home/mudathir/all/sls-reachability/benchmarks/bapa/card/cvc5_mapa/fol_0000006.smt2,SAT,0.011
bapa/card/fol_0000007.smt2,sat,0.289987087,benchmarks/bapa/card/cvc5_mapa/fol_0000007.smt2,sat,0.011454821,bapa/card/fol_0000007.smt2 ,sat,0.33063817,bapa/card/fol_0000007.smt2,sat,0.188243866,/home/mudathir/all/sls-reachability/benchmarks/bapa/card/cvc5_mapa/fol_0000007.smt2,SAT,0.011
bapa/card/fol_0000008.smt2,sat,0.29144454,benchmarks/bapa/card/cvc5_mapa/fol_0000008.smt2,sat,0.011701822,bapa/card/fol_0000008.smt2 ,sat,0.335817814,bapa/card/fol_0000008.smt2,sat,0.188765764,/home/mudathir/all/sls-reachability/benchmarks/bapa/card/cvc5_mapa/fol_0000008.smt2,SAT,0.01
bapa/card/fol_0000009.smt2,sat,0.302447557,benchmarks/bapa/card/cvc5_mapa/fol_0000009.smt2,sat,0.011191845,bapa/card/fol_0000009.smt2 ,sat,0.454400539,bapa/card/fol_0000009.smt2,sat,0.193143368,/home/mudathir/all/sls-reachability/benchmarks/bapa/card/cvc5_mapa/fol_0000009.smt2,SAT,0.011
bapa/card/fol_0000010.smt2,sat,0.288416624,benchmarks/bapa/card/cvc5_mapa/fol_0000010.smt2,sat,0.011975288,bapa/card/fol_0000010.smt2 ,sat,0.33360076,bapa/card/fol_0000010.smt2,sat,0.188557625,/home/mudathir/all/sls-reachability/benchmarks/bapa/card/cvc5_mapa/fol_0000010.smt2,SAT,0.011
bapa/card/fol_0000011.smt2,sat,0.319440126,benchmarks/bapa/card/cvc5_mapa/fol_0000011.smt2,sat,0.012178898,bapa/card/fol_0000011.smt2 ,sat,0.425668955,bapa/card/fol_0000011.smt2,sat,0.244504929,/home/mudathir/all/sls-reachability/benchmarks/bapa/card/cvc5_mapa/fol_0000011.smt2,SAT,0.012
bapa/card/fol_0000012.smt2,sat,0.297825336,benchmarks/bapa/card/cvc5_mapa/fol_0000012.smt2,sat,0.010549068,bapa/card/fol_0000012.smt2 ,sat,0.331411123,bapa/card/fol_0000012.smt2,sat,0.188744545,/home/mudathir/all/sls-reachability/benchmarks/bapa/card/cvc5_mapa/fol_0000012.smt2,SAT,0.013
bapa/card/fol_0000013.smt2,sat,0.29280591,benchmarks/bapa/card/cvc5_mapa/fol_0000013.smt2,sat,0.012705803,bapa/card/fol_0000013.smt2 ,sat,0.346456289,bapa/card/fol_0000013.smt2,sat,0.19443965,/home/mudathir/all/sls-reachability/benchmarks/bapa/card/cvc5_mapa/fol_0000013.smt2,SAT,0.012
bapa/card/fol_0000014.smt2,sat,0.303855181,benchmarks/bapa/card/cvc5_mapa/fol_0000014.smt2,sat,0.012147188,bapa/card/fol_0000014.smt2 ,sat,0.361204147,bapa/card/fol_0000014.smt2,sat,0.193449497,/home/mudathir/all/sls-reachability/benchmarks/bapa/card/cvc5_mapa/fol_0000014.smt2,SAT,0.012
bapa/card/fol_0000015.smt2,sat,0.297189951,benchmarks/bapa/card/cvc5_mapa/fol_0000015.smt2,sat,0.011735439,bapa/card/fol_0000015.smt2 ,sat,0.470697165,bapa/card/fol_0000015.smt2,sat,0.194524288,/home/mudathir/all/sls-reachability/benchmarks/bapa/card/cvc5_mapa/fol_0000015.smt2,SAT,0.011
bapa/card/fol_0000016.smt2,sat,0.300237417,benchmarks/bapa/card/cvc5_mapa/fol_0000016.smt2,sat,0.011040688,bapa/card/fol_0000016.smt2 ,sat,0.371356249,bapa/card/fol_0000016.smt2,sat,0.186936617,/home/mudathir/all/sls-reachability/benchmarks/bapa/card/cvc5_mapa/fol_0000016.smt2,SAT,0.009
bapa/card/fol_0000017.smt2,sat,0.296292782,benchmarks/bapa/card/cvc5_mapa/fol_0000017.smt2,sat,0.012178659,bapa/card/fol_0000017.smt2 ,sat,0.470745564,bapa/card/fol_0000017.smt2,sat,0.194772482,/home/mudathir/all/sls-reachability/benchmarks/bapa/card/cvc5_mapa/fol_0000017.smt2,SAT,0.01
bapa/card/fol_0000018.smt2,sat,0.297888517,benchmarks/bapa/card/cvc5_mapa/fol_0000018.smt2,sat,0.011727095,bapa/card/fol_0000018.smt2 ,sat,0.357661009,bapa/card/fol_0000018.smt2,sat,0.199263334,/home/mudathir/all/sls-reachability/benchmarks/bapa/card/cvc5_mapa/fol_0000018.smt2,SAT,0.011
bapa/card/fol_0000019.smt2,sat,0.319734812,benchmarks/bapa/card/cvc5_mapa/fol_0000019.smt2,sat,0.01480484,bapa/card/fol_0000019.smt2 ,sat,0.497979879,bapa/card/fol_0000019.smt2,sat,0.216842651,/home/mudathir/all/sls-reachability/benchmarks/bapa/card/cvc5_mapa/fol_0000019.smt2,SAT,0.011
bapa/card/fol_0000020.smt2,sat,0.312626123,benchmarks/bapa/card/cvc5_mapa/fol_0000020.smt2,sat,0.011669159,bapa/card/fol_0000020.smt2 ,sat,0.363837242,bapa/card/fol_0000020.smt2,sat,0.216771364,/home/mudathir/all/sls-reachability/benchmarks/bapa/card/cvc5_mapa/fol_0000020.smt2,SAT,0.011
bapa/card/fol_0000021.smt2,unsat,0.160765409,benchmarks/bapa/card/cvc5_mapa/fol_0000021.smt2,unsat,0.011119604,bapa/card/fol_0000021.smt2 ,unsat,0.17556572,bapa/card/fol_0000021.smt2,unsat,0.362556696,/home/mudathir/all/sls-reachability/benchmarks/bapa/card/cvc5_mapa/fol_0000021.smt2,UNSAT,0.021
bapa/card/fol_0000022.smt2,sat,0.298527241,benchmarks/bapa/card/cvc5_mapa/fol_0000022.smt2,sat,0.012513638,bapa/card/fol_0000022.smt2 ,sat,0.481466532,bapa/card/fol_0000022.smt2,sat,0.268477678,/home/mudathir/all/sls-reachability/benchmarks/bapa/card/cvc5_mapa/fol_0000022.smt2,SAT,0.012
bapa/card/fol_0000023.smt2,unsat,0.159338474,benchmarks/bapa/card/cvc5_mapa/fol_0000023.smt2,unsat,0.011002302,bapa/card/fol_0000023.smt2 ,unsat,0.17628336,bapa/card/fol_0000023.smt2,unsat,0.371439695,/home/mudathir/all/sls-reachability/benchmarks/bapa/card/cvc5_mapa/fol_0000023.smt2,UNSAT,0.019
bapa/card/fol_0000024.smt2,sat,0.320631981,benchmarks/bapa/card/cvc5_mapa/fol_0000024.smt2,sat,0.017384052,bapa/card/fol_0000024.smt2 ,timeout,103.0688267,bapa/card/fol_0000024.smt2,sat,0.221421957,/home/mudathir/all/sls-reachability/benchmarks/bapa/card/cvc5_mapa/fol_0000024.smt2,SAT,0.01
bapa/card/fol_0000025.smt2,sat,0.291079521,benchmarks/bapa/card/cvc5_mapa/fol_0000025.smt2,sat,0.010532379,bapa/card/fol_0000025.smt2 ,sat,0.328233004,bapa/card/fol_0000025.smt2,sat,0.209499598,/home/mudathir/all/sls-reachability/benchmarks/bapa/card/cvc5_mapa/fol_0000025.smt2,SAT,0.011
bapa/card/fol_0000026.smt2,sat,0.416231155,benchmarks/bapa/card/cvc5_mapa/fol_0000026.smt2,sat,0.012239695,bapa/card/fol_0000026.smt2 ,sat,0.433926344,bapa/card/fol_0000026.smt2,sat,0.205508232,/home/mudathir/all/sls-reachability/benchmarks/bapa/card/cvc5_mapa/fol_0000026.smt2,SAT,0.011
bapa/card/fol_0000027.smt2,sat,0.295929909,benchmarks/bapa/card/cvc5_mapa/fol_0000027.smt2,sat,0.011935472,bapa/card/fol_0000027.smt2 ,sat,0.353523493,bapa/card/fol_0000027.smt2,sat,0.207801104,/home/mudathir/all/sls-reachability/benchmarks/bapa/card/cvc5_mapa/fol_0000027.smt2,SAT,0.009
bapa/card/fol_0000028.smt2,unsat,0.45016551,benchmarks/bapa/card/cvc5_mapa/fol_0000028.smt2,unsat,0.037148237,bapa/card/fol_0000028.smt2 ,unsat,0.229395866,bapa/card/fol_0000028.smt2,unsat,0.354738235,/home/mudathir/all/sls-reachability/benchmarks/bapa/card/cvc5_mapa/fol_0000028.smt2,UNSAT,0.094
bapa/card/fol_0000029.smt2,sat,0.226243973,benchmarks/bapa/card/cvc5_mapa/fol_0000029.smt2,sat,0.018197775,bapa/card/fol_0000029.smt2 ,sat,0.395368814,bapa/card/fol_0000029.smt2,sat,0.261576414,/home/mudathir/all/sls-reachability/benchmarks/bapa/card/cvc5_mapa/fol_0000029.smt2,SAT,0.013
bapa/card/fol_0000030.smt2,unsat,0.152578354,benchmarks/bapa/card/cvc5_mapa/fol_0000030.smt2,unsat,0.010984182,bapa/card/fol_0000030.smt2 ,unsat,0.168560266,bapa/card/fol_0000030.smt2,unsat,0.354427576,/home/mudathir/all/sls-reachability/benchmarks/bapa/card/cvc5_mapa/fol_0000030.smt2,UNSAT,0.037
bapa/card/fol_0000031.smt2,sat,0.317049265,benchmarks/bapa/card/cvc5_mapa/fol_0000031.smt2,sat,0.011347055,bapa/card/fol_0000031.smt2 ,sat,0.352802992,bapa/card/fol_0000031.smt2,sat,0.223647118,/home/mudathir/all/sls-reachability/benchmarks/bapa/card/cvc5_mapa/fol_0000031.smt2,SAT,0.011
bapa/card/fol_0000032.smt2,unsat,0.155900955,benchmarks/bapa/card/cvc5_mapa/fol_0000032.smt2,unsat,0.009578705,bapa/card/fol_0000032.smt2 ,unsat,0.16859293,bapa/card/fol_0000032.smt2,unsat,0.358333111,/home/mudathir/all/sls-reachability/benchmarks/bapa/card/cvc5_mapa/fol_0000032.smt2,UNSAT,0.021
bapa/card/fol_0000033.smt2,sat,0.32063365,benchmarks/bapa/card/cvc5_mapa/fol_0000033.smt2,sat,0.01284337,bapa/card/fol_0000033.smt2 ,sat,0.353658676,bapa/card/fol_0000033.smt2,sat,0.211538315,/home/mudathir/all/sls-reachability/benchmarks/bapa/card/cvc5_mapa/fol_0000033.smt2,SAT,0.011
bapa/card/fol_0000034.smt2,unsat,0.154262304,benchmarks/bapa/card/cvc5_mapa/fol_0000034.smt2,unsat,0.011600971,bapa/card/fol_0000034.smt2 ,unsat,0.17126441,bapa/card/fol_0000034.smt2,unsat,0.367133379,/home/mudathir/all/sls-reachability/benchmarks/bapa/card/cvc5_mapa/fol_0000034.smt2,UNSAT,0.02
bapa/card/fol_0000035.smt2,sat,0.316426516,benchmarks/bapa/card/cvc5_mapa/fol_0000035.smt2,sat,0.013266802,bapa/card/fol_0000035.smt2 ,sat,1.566426754,bapa/card/fol_0000035.smt2,sat,0.227787495,/home/mudathir/all/sls-reachability/benchmarks/bapa/card/cvc5_mapa/fol_0000035.smt2,SAT,0.01
bapa/card/fol_0000036.smt2,sat,0.283187628,benchmarks/bapa/card/cvc5_mapa/fol_0000036.smt2,sat,0.011133671,bapa/card/fol_0000036.smt2 ,sat,0.345349789,bapa/card/fol_0000036.smt2,sat,0.200876474,/home/mudathir/all/sls-reachability/benchmarks/bapa/card/cvc5_mapa/fol_0000036.smt2,SAT,0.011
bapa/card/fol_0000037.smt2,sat,0.297120571,benchmarks/bapa/card/cvc5_mapa/fol_0000037.smt2,sat,0.012010336,bapa/card/fol_0000037.smt2 ,sat,0.357153893,bapa/card/fol_0000037.smt2,sat,0.196832657,/home/mudathir/all/sls-reachability/benchmarks/bapa/card/cvc5_mapa/fol_0000037.smt2,SAT,0.011
bapa/card/fol_0000038.smt2,unsat,0.157526255,benchmarks/bapa/card/cvc5_mapa/fol_0000038.smt2,unsat,0.010728359,bapa/card/fol_0000038.smt2 ,unsat,0.176616907,bapa/card/fol_0000038.smt2,unsat,0.336278677,/home/mudathir/all/sls-reachability/benchmarks/bapa/card/cvc5_mapa/fol_0000038.smt2,UNSAT,0.018
bapa/card/fol_0000039.smt2,sat,0.294830084,benchmarks/bapa/card/cvc5_mapa/fol_0000039.smt2,sat,0.011332273,bapa/card/fol_0000039.smt2 ,sat,0.345527172,bapa/card/fol_0000039.smt2,sat,0.203689575,/home/mudathir/all/sls-reachability/benchmarks/bapa/card/cvc5_mapa/fol_0000039.smt2,SAT,0.008
bapa/card/fol_0000040.smt2,unsat,0.160120487,benchmarks/bapa/card/cvc5_mapa/fol_0000040.smt2,unsat,0.011488438,bapa/card/fol_0000040.smt2 ,unsat,0.170547009,bapa/card/fol_0000040.smt2,unsat,0.334513664,/home/mudathir/all/sls-reachability/benchmarks/bapa/card/cvc5_mapa/fol_0000040.smt2,UNSAT,0.034
bapa/card/fol_0000041.smt2,sat,0.298484087,benchmarks/bapa/card/cvc5_mapa/fol_0000041.smt2,sat,0.012764454,bapa/card/fol_0000041.smt2 ,sat,0.358799458,bapa/card/fol_0000041.smt2,sat,0.195292711,/home/mudathir/all/sls-reachability/benchmarks/bapa/card/cvc5_mapa/fol_0000041.smt2,SAT,0.011
bapa/card/fol_0000042.smt2,sat,0.296357155,benchmarks/bapa/card/cvc5_mapa/fol_0000042.smt2,sat,0.0107131,bapa/card/fol_0000042.smt2 ,sat,0.338605404,bapa/card/fol_0000042.smt2,sat,0.188025236,/home/mudathir/all/sls-reachability/benchmarks/bapa/card/cvc5_mapa/fol_0000042.smt2,SAT,0.011
bapa/card/fol_0000043.smt2,sat,0.221686602,benchmarks/bapa/card/cvc5_mapa/fol_0000043.smt2,sat,0.012712002,bapa/card/fol_0000043.smt2 ,sat,0.279938936,bapa/card/fol_0000043.smt2,sat,0.2354877,/home/mudathir/all/sls-reachability/benchmarks/bapa/card/cvc5_mapa/fol_0000043.smt2,SAT,0.011
bapa/card/fol_0000044.smt2,sat,1.967040539,benchmarks/bapa/card/cvc5_mapa/fol_0000044.smt2,sat,0.012073755,bapa/card/fol_0000044.smt2 ,sat,0.352156162,bapa/card/fol_0000044.smt2,sat,0.193188429,/home/mudathir/all/sls-reachability/benchmarks/bapa/card/cvc5_mapa/fol_0000044.smt2,SAT,0.011
bapa/card/fol_0000045.smt2,unsat,1.491548777,benchmarks/bapa/card/cvc5_mapa/fol_0000045.smt2,unsat,0.108235598,bapa/card/fol_0000045.smt2 ,unsat,0.488812923,bapa/card/fol_0000045.smt2,unsat,5.151066542,/home/mudathir/all/sls-reachability/benchmarks/bapa/card/cvc5_mapa/fol_0000045.smt2,UNSAT,0.442
bapa/card/fol_0000046.smt2,timeout,104.9443359,benchmarks/bapa/card/cvc5_mapa/fol_0000046.smt2,sat,0.769466639,bapa/card/fol_0000046.smt2 ,timeout,103.4666762,bapa/card/fol_0000046.smt2,timeout,103.3730199,/home/mudathir/all/sls-reachability/benchmarks/bapa/card/cvc5_mapa/fol_0000046.smt2,SAT,3.968
bapa/card/fol_0000047.smt2,timeout,105.097821,benchmarks/bapa/card/cvc5_mapa/fol_0000047.smt2,unsat,0.788295746,bapa/card/fol_0000047.smt2 ,unsat,14.58278632,bapa/card/fol_0000047.smt2,timeout,103.4148059,/home/mudathir/all/sls-reachability/benchmarks/bapa/card/cvc5_mapa/fol_0000047.smt2,UNSAT,3.918
bapa/card/fol_0000050.smt2,timeout,104.9191408,benchmarks/bapa/card/cvc5_mapa/fol_0000050.smt2,sat,0.021796942,bapa/card/fol_0000050.smt2 ,timeout,104.1395805,bapa/card/fol_0000050.smt2,timeout,103.8655016,/home/mudathir/all/sls-reachability/benchmarks/bapa/card/cvc5_mapa/fol_0000050.smt2,SAT,0.017
bapa/card/fol_0000051.smt2,timeout,105.0142403,benchmarks/bapa/card/cvc5_mapa/fol_0000051.smt2,sat,0.021059036,bapa/card/fol_0000051.smt2 ,timeout,103.8938422,bapa/card/fol_0000051.smt2,timeout,103.5609293,/home/mudathir/all/sls-reachability/benchmarks/bapa/card/cvc5_mapa/fol_0000051.smt2,SAT,0.015
bapa/card/fol_0000052.smt2,timeout,105.0152457,benchmarks/bapa/card/cvc5_mapa/fol_0000052.smt2,sat,0.77635479,bapa/card/fol_0000052.smt2 ,sat,5.987371445,bapa/card/fol_0000052.smt2,timeout,103.5411959,/home/mudathir/all/sls-reachability/benchmarks/bapa/card/cvc5_mapa/fol_0000052.smt2,SAT,0.016
bapa/card/fol_0000053.smt2,timeout,105.1842697,benchmarks/bapa/card/cvc5_mapa/fol_0000053.smt2,sat,0.024024725,bapa/card/fol_0000053.smt2 ,timeout,104.0903301,bapa/card/fol_0000053.smt2,timeout,103.3951674,/home/mudathir/all/sls-reachability/benchmarks/bapa/card/cvc5_mapa/fol_0000053.smt2,SAT,0.015
bapa/card/fol_0000054.smt2,timeout,104.860482,benchmarks/bapa/card/cvc5_mapa/fol_0000054.smt2,sat,0.765702248,bapa/card/fol_0000054.smt2 ,timeout,103.7427778,bapa/card/fol_0000054.smt2,timeout,103.2958548,/home/mudathir/all/sls-reachability/benchmarks/bapa/card/cvc5_mapa/fol_0000054.smt2,SAT,0.014
bapa/card/fol_0000055.smt2,timeout,106.6984661,benchmarks/bapa/card/cvc5_mapa/fol_0000055.smt2,unsat,0.983957529,bapa/card/fol_0000055.smt2 ,unsat,19.85817552,bapa/card/fol_0000055.smt2,timeout,102.9772425,/home/mudathir/all/sls-reachability/benchmarks/bapa/card/cvc5_mapa/fol_0000055.smt2,UNSAT,31.881
bapa/card/fol_0000056.smt2,timeout,105.1026247,benchmarks/bapa/card/cvc5_mapa/fol_0000056.smt2,sat,0.0213871,bapa/card/fol_0000056.smt2 ,sat,1.566277266,bapa/card/fol_0000056.smt2,sat,2.453059196,/home/mudathir/all/sls-reachability/benchmarks/bapa/card/cvc5_mapa/fol_0000056.smt2,SAT,0.017
bapa/card/fol_0000057.smt2,sat,2.064798594,benchmarks/bapa/card/cvc5_mapa/fol_0000057.smt2,sat,0.108089924,bapa/card/fol_0000057.smt2 ,sat,3.495954037,bapa/card/fol_0000057.smt2,sat,1.668850899,/home/mudathir/all/sls-reachability/benchmarks/bapa/card/cvc5_mapa/fol_0000057.smt2,SAT,0.013
bapa/card/fol_0000058.smt2,unsat,0.4516325,benchmarks/bapa/card/cvc5_mapa/fol_0000058.smt2,unsat,0.038115263,bapa/card/fol_0000058.smt2 ,unsat,0.217217445,bapa/card/fol_0000058.smt2,unsat,0.339730978,/home/mudathir/all/sls-reachability/benchmarks/bapa/card/cvc5_mapa/fol_0000058.smt2,UNSAT,0.09
bapa/card/fol_0000059.smt2,unsat,0.180830956,benchmarks/bapa/card/cvc5_mapa/fol_0000059.smt2,unsat,0.007176161,bapa/card/fol_0000059.smt2 ,unsat,0.175922394,bapa/card/fol_0000059.smt2,unsat,7.739145994,/home/mudathir/all/sls-reachability/benchmarks/bapa/card/cvc5_mapa/fol_0000059.smt2,UNSAT,0.017
bapa/card/fol_0000060.smt2,unsat,1.392211676,benchmarks/bapa/card/cvc5_mapa/fol_0000060.smt2,unsat,0.111397505,bapa/card/fol_0000060.smt2 ,unsat,0.488635063,bapa/card/fol_0000060.smt2,unsat,6.006297112,/home/mudathir/all/sls-reachability/benchmarks/bapa/card/cvc5_mapa/fol_0000060.smt2,UNSAT,0.943
bapa/card/fol_0000061.smt2,unsat,1.355546951,benchmarks/bapa/card/cvc5_mapa/fol_0000061.smt2,unsat,0.106749058,bapa/card/fol_0000061.smt2 ,unsat,0.286833763,bapa/card/fol_0000061.smt2,unsat,4.341179132,/home/mudathir/all/sls-reachability/benchmarks/bapa/card/cvc5_mapa/fol_0000061.smt2,UNSAT,0.928
bapa/card/fol_0000062.smt2,sat,2.812538385,benchmarks/bapa/card/cvc5_mapa/fol_0000062.smt2,sat,0.114958286,bapa/card/fol_0000062.smt2 ,sat,2.725895882,bapa/card/fol_0000062.smt2,sat,1.410241365,/home/mudathir/all/sls-reachability/benchmarks/bapa/card/cvc5_mapa/fol_0000062.smt2,SAT,0.015
bapa/card/fol_0000063.smt2,unsat,0.350518227,benchmarks/bapa/card/cvc5_mapa/fol_0000063.smt2,unsat,0.038750887,bapa/card/fol_0000063.smt2 ,unsat,0.24049139,bapa/card/fol_0000063.smt2,unsat,0.352270842,/home/mudathir/all/sls-reachability/benchmarks/bapa/card/cvc5_mapa/fol_0000063.smt2,UNSAT,0.092
bapa/card/fol_0000064.smt2,unsat,0.183596134,benchmarks/bapa/card/cvc5_mapa/fol_0000064.smt2,unsat,0.008205414,bapa/card/fol_0000064.smt2 ,unsat,0.176743507,bapa/card/fol_0000064.smt2,unsat,4.091553211,/home/mudathir/all/sls-reachability/benchmarks/bapa/card/cvc5_mapa/fol_0000064.smt2,UNSAT,0.017
bapa/card/fol_0000065.smt2,unsat,1.396263361,benchmarks/bapa/card/cvc5_mapa/fol_0000065.smt2,unsat,0.107069254,bapa/card/fol_0000065.smt2 ,unsat,0.488292694,bapa/card/fol_0000065.smt2,unsat,2.634726286,/home/mudathir/all/sls-reachability/benchmarks/bapa/card/cvc5_mapa/fol_0000065.smt2,UNSAT,0.42
bapa/card/fol_0000066.smt2,unsat,1.497215271,benchmarks/bapa/card/cvc5_mapa/fol_0000066.smt2,unsat,0.108688116,bapa/card/fol_0000066.smt2 ,unsat,0.518841028,bapa/card/fol_0000066.smt2,unsat,11.32183766,/home/mudathir/all/sls-reachability/benchmarks/bapa/card/cvc5_mapa/fol_0000066.smt2,UNSAT,0.443
bapa/card/fol_0000067.smt2,unsat,1.425381184,benchmarks/bapa/card/cvc5_mapa/fol_0000067.smt2,unsat,0.106894493,bapa/card/fol_0000067.smt2 ,unsat,0.273046255,bapa/card/fol_0000067.smt2,unsat,5.677565813,/home/mudathir/all/sls-reachability/benchmarks/bapa/card/cvc5_mapa/fol_0000067.smt2,UNSAT,0.422
bapa/card/fol_0000068.smt2,unsat,1.358068466,benchmarks/bapa/card/cvc5_mapa/fol_0000068.smt2,unsat,0.107118368,bapa/card/fol_0000068.smt2 ,unsat,0.30168128,bapa/card/fol_0000068.smt2,unsat,6.163902998,/home/mudathir/all/sls-reachability/benchmarks/bapa/card/cvc5_mapa/fol_0000068.smt2,UNSAT,0.697
bapa/card/fol_0000069.smt2,timeout,105.0500247,benchmarks/bapa/card/cvc5_mapa/fol_0000069.smt2,sat,0.794481754,bapa/card/fol_0000069.smt2 ,timeout,103.6215355,bapa/card/fol_0000069.smt2,timeout,103.05527,/home/mudathir/all/sls-reachability/benchmarks/bapa/card/cvc5_mapa/fol_0000069.smt2,SAT,6.698
bapa/card/fol_0000070.smt2,timeout,104.915751,benchmarks/bapa/card/cvc5_mapa/fol_0000070.smt2,unsat,0.7946558,bapa/card/fol_0000070.smt2 ,unsat,0.643317938,bapa/card/fol_0000070.smt2,timeout,103.1102245,/home/mudathir/all/sls-reachability/benchmarks/bapa/card/cvc5_mapa/fol_0000070.smt2,UNSAT,6.219
bapa/card/fol_0000073.smt2,timeout,105.1565483,benchmarks/bapa/card/cvc5_mapa/fol_0000073.smt2,sat,0.028450966,bapa/card/fol_0000073.smt2 ,timeout,105.0871072,bapa/card/fol_0000073.smt2,timeout,103.284514,/home/mudathir/all/sls-reachability/benchmarks/bapa/card/cvc5_mapa/fol_0000073.smt2,SAT,0.012
bapa/card/fol_0000074.smt2,timeout,104.9759636,benchmarks/bapa/card/cvc5_mapa/fol_0000074.smt2,sat,0.021563292,bapa/card/fol_0000074.smt2 ,timeout,103.7744927,bapa/card/fol_0000074.smt2,sat,3.716518641,/home/mudathir/all/sls-reachability/benchmarks/bapa/card/cvc5_mapa/fol_0000074.smt2,SAT,0.01
bapa/card/fol_0000075.smt2,timeout,104.944144,benchmarks/bapa/card/cvc5_mapa/fol_0000075.smt2,sat,0.770115137,bapa/card/fol_0000075.smt2 ,timeout,103.924571,bapa/card/fol_0000075.smt2,timeout,103.9578922,/home/mudathir/all/sls-reachability/benchmarks/bapa/card/cvc5_mapa/fol_0000075.smt2,SAT,0.012
bapa/card/fol_0000076.smt2,sat,2.042373896,benchmarks/bapa/card/cvc5_mapa/fol_0000076.smt2,sat,0.030246735,bapa/card/fol_0000076.smt2 ,sat,2.880273819,bapa/card/fol_0000076.smt2,sat,0.793027163,/home/mudathir/all/sls-reachability/benchmarks/bapa/card/cvc5_mapa/fol_0000076.smt2,SAT,0.014
bapa/card/fol_0000077.smt2,timeout,104.9586115,benchmarks/bapa/card/cvc5_mapa/fol_0000077.smt2,sat,0.77559185,bapa/card/fol_0000077.smt2 ,timeout,104.2659779,bapa/card/fol_0000077.smt2,sat,6.11378479,/home/mudathir/all/sls-reachability/benchmarks/bapa/card/cvc5_mapa/fol_0000077.smt2,SAT,0.015
bapa/card/fol_0000078.smt2,timeout,105.1143312,benchmarks/bapa/card/cvc5_mapa/fol_0000078.smt2,unsat,1.102555513,bapa/card/fol_0000078.smt2 ,unsat,1.812590837,bapa/card/fol_0000078.smt2,timeout,104.2696733,/home/mudathir/all/sls-reachability/benchmarks/bapa/card/cvc5_mapa/fol_0000078.smt2,UNSAT,51.83
bapa/card/fol_0000079.smt2,sat,0.926323652,benchmarks/bapa/card/cvc5_mapa/fol_0000079.smt2,sat,0.020706415,bapa/card/fol_0000079.smt2 ,sat,1.572762728,bapa/card/fol_0000079.smt2,sat,2.403383732,/home/mudathir/all/sls-reachability/benchmarks/bapa/card/cvc5_mapa/fol_0000079.smt2,SAT,0.014
bapa/card/fol_0000080.smt2,sat,7.877845526,benchmarks/bapa/card/cvc5_mapa/fol_0000080.smt2,sat,0.182487011,bapa/card/fol_0000080.smt2 ,timeout,104.4939415,bapa/card/fol_0000080.smt2,timeout,104.3490171,/home/mudathir/all/sls-reachability/benchmarks/bapa/card/cvc5_mapa/fol_0000080.smt2,SAT,0.013
bapa/card/fol_0000081.smt2,unsat,0.187861919,benchmarks/bapa/card/cvc5_mapa/fol_0000081.smt2,unsat,0.009051323,bapa/card/fol_0000081.smt2 ,unsat,0.173802137,bapa/card/fol_0000081.smt2,unsat,2.027276993,/home/mudathir/all/sls-reachability/benchmarks/bapa/card/cvc5_mapa/fol_0000081.smt2,UNSAT,0.016
bapa/card/fol_0000082.smt2,timeout,106.5771108,benchmarks/bapa/card/cvc5_mapa/fol_0000082.smt2,sat,0.361620903,bapa/card/fol_0000082.smt2 ,timeout,104.4206553,bapa/card/fol_0000082.smt2,timeout,104.3106077,/home/mudathir/all/sls-reachability/benchmarks/bapa/card/cvc5_mapa/fol_0000082.smt2,SAT,0.013
bapa/card/fol_0000083.smt2,timeout,105.0099189,benchmarks/bapa/card/cvc5_mapa/fol_0000083.smt2,unsat,0.175405502,bapa/card/fol_0000083.smt2 ,unsat,0.435297728,bapa/card/fol_0000083.smt2,timeout,104.2725973,/home/mudathir/all/sls-reachability/benchmarks/bapa/card/cvc5_mapa/fol_0000083.smt2,UNSAT,3.389
bapa/card/fol_0000084.smt2,timeout,105.0347142,benchmarks/bapa/card/cvc5_mapa/fol_0000084.smt2,sat,0.790679216,bapa/card/fol_0000084.smt2 ,timeout,104.2930706,bapa/card/fol_0000084.smt2,timeout,102.2037778,/home/mudathir/all/sls-reachability/benchmarks/bapa/card/cvc5_mapa/fol_0000084.smt2,SAT,3.777
bapa/card/fol_0000085.smt2,unsat,1.422907829,benchmarks/bapa/card/cvc5_mapa/fol_0000085.smt2,unsat,0.110264301,bapa/card/fol_0000085.smt2 ,unsat,0.264498234,bapa/card/fol_0000085.smt2,unsat,9.690082073,/home/mudathir/all/sls-reachability/benchmarks/bapa/card/cvc5_mapa/fol_0000085.smt2,UNSAT,0.422
bapa/card/fol_0000086.smt2,unsat,1.428211927,benchmarks/bapa/card/cvc5_mapa/fol_0000086.smt2,unsat,0.10776186,bapa/card/fol_0000086.smt2 ,unsat,0.281278849,bapa/card/fol_0000086.smt2,unsat,4.516176701,/home/mudathir/all/sls-reachability/benchmarks/bapa/card/cvc5_mapa/fol_0000086.smt2,UNSAT,0.895
bapa/card/fol_0000087.smt2,timeout,105.1159036,benchmarks/bapa/card/cvc5_mapa/fol_0000087.smt2,unsat,0.175252199,bapa/card/fol_0000087.smt2 ,unsat,1.131471157,bapa/card/fol_0000087.smt2,timeout,102.2145534,/home/mudathir/all/sls-reachability/benchmarks/bapa/card/cvc5_mapa/fol_0000087.smt2,UNSAT,6.869
bapa/card/fol_0000088.smt2,timeout,104.829685,benchmarks/bapa/card/cvc5_mapa/fol_0000088.smt2,unsat,0.730261803,bapa/card/fol_0000088.smt2 ,unsat,17.00315738,bapa/card/fol_0000088.smt2,timeout,102.9250233,/home/mudathir/all/sls-reachability/benchmarks/bapa/card/cvc5_mapa/fol_0000088.smt2,UNSAT,6.761
bapa/card/fol_0000089.smt2,timeout,105.1540682,benchmarks/bapa/card/cvc5_mapa/fol_0000089.smt2,unsat,0.804674864,bapa/card/fol_0000089.smt2 ,unsat,5.932872772,bapa/card/fol_0000089.smt2,timeout,103.8927557,/home/mudathir/all/sls-reachability/benchmarks/bapa/card/cvc5_mapa/fol_0000089.smt2,UNSAT,3.631
bapa/card/fol_0000090.smt2,timeout,105.2899914,benchmarks/bapa/card/cvc5_mapa/fol_0000090.smt2,sat,0.173912287,bapa/card/fol_0000090.smt2 ,timeout,104.2053254,bapa/card/fol_0000090.smt2,timeout,102.8726203,/home/mudathir/all/sls-reachability/benchmarks/bapa/card/cvc5_mapa/fol_0000090.smt2,SAT,0.013
bapa/card/fol_0000091.smt2,unsat,0.166368484,benchmarks/bapa/card/cvc5_mapa/fol_0000091.smt2,unsat,0.011995077,bapa/card/fol_0000091.smt2 ,unsat,0.186646938,bapa/card/fol_0000091.smt2,unsat,5.717987061,/home/mudathir/all/sls-reachability/benchmarks/bapa/card/cvc5_mapa/fol_0000091.smt2,UNSAT,0.018
bapa/card/fol_0000092.smt2,timeout,105.1361651,benchmarks/bapa/card/cvc5_mapa/fol_0000092.smt2,unsat,0.16974926,bapa/card/fol_0000092.smt2 ,unsat,0.450740576,bapa/card/fol_0000092.smt2,timeout,101.9621203,/home/mudathir/all/sls-reachability/benchmarks/bapa/card/cvc5_mapa/fol_0000092.smt2,UNSAT,3.184
bapa/card/fol_0000093.smt2,timeout,105.0772891,benchmarks/bapa/card/cvc5_mapa/fol_0000093.smt2,unsat,0.182137251,bapa/card/fol_0000093.smt2 ,unsat,0.524286032,bapa/card/fol_0000093.smt2,timeout,103.9693923,/home/mudathir/all/sls-reachability/benchmarks/bapa/card/cvc5_mapa/fol_0000093.smt2,UNSAT,3.286
bapa/card/fol_0000094.smt2,unsat,1.517265558,benchmarks/bapa/card/cvc5_mapa/fol_0000094.smt2,unsat,0.104871035,bapa/card/fol_0000094.smt2 ,unsat,0.26278615,bapa/card/fol_0000094.smt2,unsat,3.600968838,/home/mudathir/all/sls-reachability/benchmarks/bapa/card/cvc5_mapa/fol_0000094.smt2,UNSAT,0.412
bapa/card/fol_0000095.smt2,timeout,106.2514246,benchmarks/bapa/card/cvc5_mapa/fol_0000095.smt2,unsat,0.739505053,bapa/card/fol_0000095.smt2 ,timeout,104.2250478,bapa/card/fol_0000095.smt2,timeout,102.9697618,/home/mudathir/all/sls-reachability/benchmarks/bapa/card/cvc5_mapa/fol_0000095.smt2,UNSAT,3.714
bapa/card/fol_0000101.smt2,timeout,104.8271821,benchmarks/bapa/card/cvc5_mapa/fol_0000101.smt2,sat,0.031290293,bapa/card/fol_0000101.smt2 ,timeout,104.347718,bapa/card/fol_0000101.smt2,timeout,103.2513716,/home/mudathir/all/sls-reachability/benchmarks/bapa/card/cvc5_mapa/fol_0000101.smt2,SAT,0.016
bapa/card/fol_0000103.smt2,timeout,104.9035561,benchmarks/bapa/card/cvc5_mapa/fol_0000103.smt2,sat,0.024562597,bapa/card/fol_0000103.smt2 ,timeout,104.4058878,bapa/card/fol_0000103.smt2,timeout,103.8399377,/home/mudathir/all/sls-reachability/benchmarks/bapa/card/cvc5_mapa/fol_0000103.smt2,SAT,0.019
bapa/card/fol_0000105.smt2,timeout,104.8571048,benchmarks/bapa/card/cvc5_mapa/fol_0000105.smt2,sat,0.038024426,bapa/card/fol_0000105.smt2 ,timeout,104.390909,bapa/card/fol_0000105.smt2,timeout,104.3462031,/home/mudathir/all/sls-reachability/benchmarks/bapa/card/cvc5_mapa/fol_0000105.smt2,SAT,1.809
bapa/card/fol_0000108.smt2,timeout,105.4489596,benchmarks/bapa/card/cvc5_mapa/fol_0000108.smt2,sat,0.025499105,bapa/card/fol_0000108.smt2 ,timeout,104.2974019,bapa/card/fol_0000108.smt2,timeout,103.7329118,/home/mudathir/all/sls-reachability/benchmarks/bapa/card/cvc5_mapa/fol_0000108.smt2,SAT,0.018
bapa/card/fol_0000109.smt2,timeout,105.4383583,benchmarks/bapa/card/cvc5_mapa/fol_0000109.smt2,sat,0.817466497,bapa/card/fol_0000109.smt2 ,timeout,104.4033263,bapa/card/fol_0000109.smt2,timeout,103.9972923,/home/mudathir/all/sls-reachability/benchmarks/bapa/card/cvc5_mapa/fol_0000109.smt2,SAT,3.651
bapa/card/fol_0000110.smt2,unsat,1.395848989,benchmarks/bapa/card/cvc5_mapa/fol_0000110.smt2,unsat,0.115592003,bapa/card/fol_0000110.smt2 ,unsat,0.487585068,bapa/card/fol_0000110.smt2,unsat,5.016211033,/home/mudathir/all/sls-reachability/benchmarks/bapa/card/cvc5_mapa/fol_0000110.smt2,UNSAT,0.415
bapa/card/fol_0000111.smt2,timeout,105.2538848,benchmarks/bapa/card/cvc5_mapa/fol_0000111.smt2,unsat,0.171648026,bapa/card/fol_0000111.smt2 ,unsat,1.153488398,bapa/card/fol_0000111.smt2,timeout,104.0390146,/home/mudathir/all/sls-reachability/benchmarks/bapa/card/cvc5_mapa/fol_0000111.smt2,UNSAT,5.162
bapa/card/fol_0000112.smt2,timeout,105.343878,benchmarks/bapa/card/cvc5_mapa/fol_0000112.smt2,unsat,0.757560968,bapa/card/fol_0000112.smt2 ,timeout,104.3831778,bapa/card/fol_0000112.smt2,timeout,104.0245202,/home/mudathir/all/sls-reachability/benchmarks/bapa/card/cvc5_mapa/fol_0000112.smt2,UNSAT,6.694
bapa/card/fol_0000113.smt2,timeout,105.3210573,benchmarks/bapa/card/cvc5_mapa/fol_0000113.smt2,sat,1.029397726,bapa/card/fol_0000113.smt2 ,timeout,105.9555385,bapa/card/fol_0000113.smt2,timeout,104.3684156,/home/mudathir/all/sls-reachability/benchmarks/bapa/card/cvc5_mapa/fol_0000113.smt2,SAT,61.102
bapa/card/fol_0000114.smt2,timeout,105.3330617,benchmarks/bapa/card/cvc5_mapa/fol_0000114.smt2,unsat,0.17517519,bapa/card/fol_0000114.smt2 ,unsat,0.472181797,bapa/card/fol_0000114.smt2,timeout,104.4516935,/home/mudathir/all/sls-reachability/benchmarks/bapa/card/cvc5_mapa/fol_0000114.smt2,UNSAT,3.236
bapa/card/fol_0000115.smt2,timeout,106.9647892,benchmarks/bapa/card/cvc5_mapa/fol_0000115.smt2,unsat,0.165422201,bapa/card/fol_0000115.smt2 ,unsat,0.462466002,bapa/card/fol_0000115.smt2,timeout,104.3505175,/home/mudathir/all/sls-reachability/benchmarks/bapa/card/cvc5_mapa/fol_0000115.smt2,UNSAT,3.268
bapa/card/fol_0000116.smt2,timeout,105.3314342,benchmarks/bapa/card/cvc5_mapa/fol_0000116.smt2,unsat,1.024266958,bapa/card/fol_0000116.smt2 ,unsat,0.783916712,bapa/card/fol_0000116.smt2,timeout,104.5934155,/home/mudathir/all/sls-reachability/benchmarks/bapa/card/cvc5_mapa/fol_0000116.smt2,UNSAT,28.479
bapa/card/fol_0000117.smt2,timeout,105.3704572,benchmarks/bapa/card/cvc5_mapa/fol_0000117.smt2,sat,0.981233597,bapa/card/fol_0000117.smt2 ,timeout,104.4587638,bapa/card/fol_0000117.smt2,timeout,101.6037362,/home/mudathir/all/sls-reachability/benchmarks/bapa/card/cvc5_mapa/fol_0000117.smt2,SAT,29.531
bapa/card/fol_0000119.smt2,timeout,105.1402988,benchmarks/bapa/card/cvc5_mapa/fol_0000119.smt2,unsat,0.74715662,bapa/card/fol_0000119.smt2 ,unsat,25.65779734,bapa/card/fol_0000119.smt2,timeout,103.3152461,/home/mudathir/all/sls-reachability/benchmarks/bapa/card/cvc5_mapa/fol_0000119.smt2,UNSAT,3.629
bapa/card/fol_0000120.smt2,timeout,105.3972669,benchmarks/bapa/card/cvc5_mapa/fol_0000120.smt2,unsat,0.947906256,bapa/card/fol_0000120.smt2 ,unsat,4.214821577,bapa/card/fol_0000120.smt2,timeout,103.6611218,/home/mudathir/all/sls-reachability/benchmarks/bapa/card/cvc5_mapa/fol_0000120.smt2,UNSAT,29.716
